frequency,Re(k_R),Im(k_R),Re(k_L),Im(k_L),Re(k_O),Im(k_O),Re(k_X),Im(k_X)
1e+06,0.000403341,1.41878,1.41887,0.000403407,39.8264,44.0077,55.1088,145.313
1.01099e+08,0.00402225,14.2212,14.3112,0.00408994,9.24923,187.474,0.786993,179.626
2.01198e+08,0.005628,19.9999,20.2525,0.00581804,4.66879,187.984,0.395475,179.629
3.01297e+08,0.00683137,24.3989,24.8619,0.00717972,3.12038,188.079,0.2641,179.628
4.01396e+08,0.00782144,28.0752,28.7873,0.00835728,2.34296,188.111,0.19825,179.626
5.01495e+08,0.00867252,31.2851,32.2797,0.00942114,1.87559,188.124,0.15869,179.623
6.01595e+08,0.00942317,34.161,35.4679,0.0104073,1.56366,188.129,0.132297,179.619
7.01694e+08,0.0100965,36.7816,38.4284,0.011337,1.34068,188.13,0.113436,179.615
8.01793e+08,0.0107079,39.1987,41.2107,0.0122242,1.17337,188.129,0.0992853,179.61
9.01892e+08,0.011268,41.4483,43.8493,0.0130784,1.04319,188.127,0.0882773,179.604
1.00199e+09,0.0117847,43.5567,46.3693,0.0139067,0.939017,188.123,0.0794699,179.598
1.10209e+09,0.012264,45.5439,48.7896,0.0147142,0.853767,188.118,0.0722635,179.591
1.20219e+09,0.0127106,47.4254,51.1248,0.0155053,0.782714,188.112,0.0662581,179.583
1.30229e+09,0.0131284,49.2137,53.3865,0.0162831,0.722584,188.105,0.0611769,179.575
1.40239e+09,0.0135204,50.9189,55.5843,0.0170503,0.67104,188.098,0.0568219,179.566
1.50249e+09,0.0138892,52.5494,57.7258,0.0178093,0.626365,188.089,0.0530481,179.556
1.60259e+09,0.0142369,54.1121,59.8176,0.0185618,0.587272,188.081,0.0497464,179.546
1.70268e+09,0.0145656,55.6131,61.8652,0.0193095,0.552777,188.071,0.0468336,179.535
1.80278e+09,0.0148767,57.0575,63.8733,0.0200539,0.522114,188.061,0.044245,179.523
1.90288e+09,0.0151717,58.4496,65.8459,0.0207962,0.494679,188.05,0.0419293,179.51
2.00298e+09,0.0154517,59.7934,67.7867,0.0215375,0.469987,188.039,0.0398458,179.497
2.10308e+09,0.015718,61.0922,69.6986,0.0222788,0.447647,188.027,0.0379611,179.483
2.20318e+09,0.0159714,62.3491,71.5845,0.023021,0.427338,188.014,0.0362483,179.469
2.30328e+09,0.0162127,63.5667,73.4469,0.0237649,0.408796,188.001,0.0346848,179.454
2.40338e+09,0.0164429,64.7475,75.2879,0.0245114,0.391799,187.987,0.0332521,179.438
2.50348e+09,0.0166626,65.8935,77.1095,0.0252611,0.376163,187.973,0.0319345,179.422
2.60358e+09,0.0168723,67.0069,78.9135,0.0260147,0.36173,187.958,0.0307187,179.405
2.70368e+09,0.0170728,68.0892,80.7015,0.0267728,0.348367,187.942,0.0295933,179.387
2.80377e+09,0.0172645,69.1423,82.4751,0.0275361,0.335959,187.926,0.0285488,179.368
2.90387e+09,0.0174479,70.1674,84.2356,0.0283052,0.324408,187.909,0.0275767,179.349
3.00397e+09,0.0176234,71.166,85.9842,0.0290806,0.313627,187.892,0.0266697,179.329
3.10407e+09,0.0177916,72.1394,87.7222,0.0298628,0.303543,187.874,0.0258217,179.309
3.20417e+09,0.0179527,73.0886,89.4507,0.0306524,0.294089,187.855,0.0250271,179.288
3.30427e+09,0.0181071,74.0148,91.1706,0.0314499,0.28521,187.836,0.024281,179.266
3.40437e+09,0.0182551,74.9189,92.8829,0.0322559,0.276853,187.816,0.0235791,179.243
3.50447e+09,0.0183971,75.8019,94.5885,0.0330707,0.268975,187.795,0.0229177,179.22
3.60457e+09,0.0185333,76.6645,96.2882,0.033895,0.261534,187.774,0.0222933,179.196
3.70467e+09,0.0186641,77.5077,97.9829,0.0347292,0.254497,187.753,0.0217031,179.172
3.80477e+09,0.0187895,78.3321,99.6733,0.0355738,0.247831,187.73,0.0211442,179.146
3.90486e+09,0.01891,79.1385,101.36,0.0364294,0.241508,187.708,0.0206143,179.12
4.00496e+09,0.0190256,79.9275,103.044,0.0372964,0.235501,187.684,0.0201112,179.094
4.10506e+09,0.0191367,80.6997,104.726,0.0381753,0.229788,187.66,0.019633,179.067
4.20516e+09,0.0192434,81.4557,106.406,0.0390667,0.224348,187.635,0.0191778,179.039
4.30526e+09,0.0193459,82.1961,108.085,0.039971,0.219161,187.61,0.0187441,179.01
4.40536e+09,0.0194443,82.9214,109.764,0.0408889,0.214211,187.584,0.0183304,178.981
4.50546e+09,0.0195389,83.632,111.443,0.0418207,0.209481,187.558,0.0179354,178.951
4.60556e+09,0.0196298,84.3284,113.122,0.0427671,0.204958,187.531,0.0175578,178.92
4.70566e+09,0.0197171,85.0111,114.803,0.0437287,0.200628,187.503,0.0171966,178.889
4.80576e+09,0.0198009,85.6805,116.485,0.0447059,0.196478,187.475,0.0168506,178.857
4.90586e+09,0.0198815,86.337,118.17,0.0456994,0.192499,187.446,0.0165191,178.824
5.00595e+09,0.019959,86.981,119.858,0.0467098,0.188679,187.417,0.0162011,178.79
5.10605e+09,0.0200334,87.6127,121.549,0.0477377,0.18501,187.387,0.0158958,178.756
5.20615e+09,0.0201048,88.2327,123.243,0.0487836,0.181483,187.356,0.0156025,178.722
5.30625e+09,0.0201735,88.8411,124.942,0.0498483,0.178089,187.325,0.0153205,178.686
5.40635e+09,0.0202394,89.4383,126.646,0.0509324,0.174821,187.293,0.0150492,178.65
5.50645e+09,0.0203027,90.0246,128.354,0.0520366,0.171673,187.261,0.014788,178.613
5.60655e+09,0.0203635,90.6004,130.069,0.0531616,0.168638,187.227,0.0145364,178.576
5.70665e+09,0.0204219,91.1657,131.789,0.0543081,0.16571,187.194,0.0142938,178.538
5.80675e+09,0.0204779,91.721,133.516,0.0554768,0.162883,187.16,0.0140598,178.499
5.90685e+09,0.0205317,92.2665,135.25,0.0566686,0.160152,187.125,0.013834,178.459
6.00695e+09,0.0205833,92.8023,136.991,0.0578843,0.157513,187.089,0.0136159,178.419
6.10705e+09,0.0206328,93.3288,138.741,0.0591246,0.154962,187.053,0.0134052,178.378
6.20714e+09,0.0206803,93.8462,140.498,0.0603905,0.152493,187.017,0.0132016,178.336
6.30724e+09,0.0207258,94.3546,142.265,0.0616828,0.150102,186.979,0.0130046,178.294
6.40734e+09,0.0207694,94.8543,144.04,0.0630025,0.147787,186.941,0.0128139,178.251
6.50744e+09,0.0208112,95.3455,145.826,0.0643505,0.145544,186.903,0.0126294,178.207
6.60754e+09,0.0208513,95.8284,147.622,0.0657278,0.143369,186.864,0.0124506,178.163
6.70764e+09,0.0208896,96.3031,149.428,0.0671354,0.141259,186.824,0.0122774,178.118
6.80774e+09,0.0209263,96.7698,151.246,0.0685745,0.139212,186.784,0.0121095,178.072
6.90784e+09,0.0209614,97.2287,153.075,0.0700461,0.137225,186.743,0.0119467,178.026
7.00794e+09,0.0209949,97.68,154.917,0.0715515,0.135295,186.702,0.0117887,177.979
7.10804e+09,0.021027,98.1238,156.771,0.0730918,0.13342,186.659,0.0116353,177.931
7.20814e+09,0.0210576,98.5602,158.638,0.0746682,0.131597,186.617,0.0114865,177.882
7.30823e+09,0.0210869,98.9895,160.52,0.0762823,0.129825,186.573,0.0113418,177.833
7.40833e+09,0.0211148,99.4117,162.415,0.0779352,0.128101,186.53,0.0112013,177.783
7.50843e+09,0.0211414,99.8271,164.325,0.0796284,0.126423,186.485,0.0110648,177.732
7.60853e+09,0.0211667,100.236,166.251,0.0813636,0.12479,186.44,0.010932,177.681
7.70863e+09,0.0211908,100.638,168.193,0.0831421,0.1232,186.394,0.0108028,177.629
7.80873e+09,0.0212138,101.033,170.151,0.0849657,0.121651,186.348,0.0106772,177.576
7.90883e+09,0.0212355,101.422,172.126,0.086836,0.120142,186.301,0.0105549,177.523
8.00893e+09,0.0212562,101.805,174.119,0.088755,0.118671,186.253,0.0104358,177.469
8.10903e+09,0.0212759,102.181,176.131,0.0907244,0.117236,186.205,0.0103199,177.414
8.20913e+09,0.0212945,102.552,178.161,0.0927462,0.115837,186.156,0.010207,177.358
8.30923e+09,0.021312,102.916,180.211,0.0948226,0.114472,186.107,0.010097,177.302
8.40932e+09,0.0213287,103.275,182.282,0.0969556,0.11314,186.057,0.00998978,177.245
8.50942e+09,0.0213443,103.628,184.374,0.0991476,0.111839,186.006,0.00988527,177.188
8.60952e+09,0.0213591,103.975,186.487,0.101401,0.110569,185.955,0.00978336,177.129
8.70962e+09,0.021373,104.317,188.624,0.103718,0.109329,185.903,0.00968397,177.07
8.80972e+09,0.0213861,104.653,190.783,0.106102,0.108117,185.85,0.00958701,177.01
8.90982e+09,0.0213983,104.984,192.967,0.108555,0.106933,185.797,0.0094924,176.95
9.00992e+09,0.0214097,105.31,195.176,0.11108,0.105776,185.744,0.00940007,176.889
9.11002e+09,0.0214203,105.63,197.411,0.113681,0.104644,185.689,0.00930994,176.827
9.21012e+09,0.0214302,105.946,199.673,0.11636,0.103537,185.634,0.00922193,176.764
9.31022e+09,0.0214394,106.256,201.962,0.119121,0.102455,185.579,0.00913599,176.701
9.41032e+09,0.0214479,106.561,204.281,0.121967,0.101396,185.523,0.00905205,176.637
9.51041e+09,0.0214557,106.862,206.629,0.124903,0.100359,185.466,0.00897004,176.572
9.61051e+09,0.0214628,107.157,209.008,0.127933,0.0993448,185.408,0.00888991,176.507
9.71061e+09,0.0214694,107.448,211.418,0.13106,0.0983515,185.35,0.00881159,176.441
9.81071e+09,0.0214752,107.735,213.862,0.13429,0.0973788,185.292,0.00873504,176.374
9.91081e+09,0.0214805,108.016,216.34,0.137626,0.0964261,185.232,0.0086602,176.306
1.00109e+10,0.0214853,108.293,218.854,0.141075,0.0954929,185.173,0.00858702,176.238
1.0111e+10,0.0214894,108.566,221.404,0.144641,0.0945784,185.112,0.00851545,176.169
1.02111e+10,0.0214931,108.834,223.993,0.14833,0.0936822,185.051,0.00844545,176.099
1.03112e+10,0.0214962,109.098,226.621,0.152149,0.0928037,184.989,0.00837697,176.029
1.04113e+10,0.0214988,109.358,229.29,0.156104,0.0919425,184.927,0.00830997,175.957
1.05114e+10,0.0215009,109.613,232.002,0.160201,0.0910979,184.864,0.0082444,175.886
1.06115e+10,0.0215025,109.864,234.758,0.164448,0.0902697,184.8,0.00818024,175.813
1.07116e+10,0.0215037,110.112,237.559,0.168852,0.0894572,184.736,0.00811743,175.739
1.08117e+10,0.0215044,110.355,240.409,0.173423,0.0886601,184.671,0.00805594,175.665
1.09118e+10,0.0215048,110.594,243.308,0.178169,0.087878,184.605,0.00799575,175.591
1.10119e+10,0.0215047,110.829,246.258,0.183099,0.0871104,184.539,0.0079368,175.515
1.1112e+10,0.0215042,111.06,249.262,0.188225,0.0863569,184.473,0.00787908,175.439
1.12121e+10,0.0215033,111.287,252.322,0.193555,0.0856172,184.405,0.00782254,175.362
1.13122e+10,0.0215021,111.511,255.44,0.199103,0.084891,184.337,0.00776717,175.284
1.14123e+10,0.0215005,111.731,258.619,0.204881,0.0841777,184.268,0.00771292,175.205
1.15124e+10,0.0214985,111.947,261.86,0.210902,0.0834772,184.199,0.00765977,175.126
1.16125e+10,0.0214962,112.159,265.168,0.217181,0.082789,184.129,0.00760769,175.046
1.17126e+10,0.0214936,112.368,268.544,0.223733,0.082113,184.059,0.00755666,174.966
1.18127e+10,0.0214907,112.573,271.991,0.230576,0.0814487,183.988,0.00750665,174.884
1.19128e+10,0.0214875,112.775,275.514,0.237727,0.0807958,183.916,0.00745764,174.802
1.20129e+10,0.021484,112.973,279.115,0.245207,0.0801541,183.843,0.0074096,174.719
1.2113e+10,0.0214802,113.167,282.798,0.253037,0.0795234,183.77,0.00736251,174.635
1.22131e+10,0.0214762,113.359,286.567,0.261239,0.0789033,183.696,0.00731635,174.551
1.23132e+10,0.0214719,113.547,290.426,0.26984,0.0782935,183.622,0.00727109,174.466
1.24133e+10,0.0214673,113.731,294.379,0.278866,0.0776939,183.547,0.00722672,174.38
1.25134e+10,0.0214625,113.912,298.431,0.288347,0.0771042,183.471,0.00718321,174.293
1.26135e+10,0.0214575,114.09,302.587,0.298317,0.0765241,183.395,0.00714055,174.206
1.27136e+10,0.0214523,114.265,306.853,0.30881,0.0759535,183.318,0.00709871,174.118
1.28137e+10,0.0214469,114.437,311.233,0.319865,0.075392,183.241,0.00705769,174.029
1.29138e+10,0.0214412,114.605,315.736,0.331526,0.0748396,183.162,0.00701745,173.939
1.30139e+10,0.0214354,114.77,320.366,0.343839,0.0742959,183.084,0.00697799,173.849
1.3114e+10,0.0214294,114.932,325.131,0.356857,0.0737608,183.004,0.00693928,173.757
1.32141e+10,0.0214232,115.091,330.039,0.370636,0.0732341,182.924,0.00690131,173.665
1.33142e+10,0.0214168,115.247,335.099,0.38524,0.0727157,182.843,0.00686407,173.573
1.34143e+10,0.0214103,115.401,340.318,0.400739,0.0722052,182.762,0.00682754,173.479
1.35144e+10,0.0214036,115.551,345.708,0.417212,0.0717026,182.68,0.0067917,173.385
1.36145e+10,0.0213967,115.698,351.279,0.434745,0.0712076,182.597,0.00675655,173.29
1.37146e+10,0.0213898,115.842,357.041,0.453436,0.0707202,182.514,0.00672206,173.194
1.38147e+10,0.0213827,115.983,363.009,0.473394,0.0702401,182.43,0.00668823,173.098
1.39148e+10,0.0213754,116.121,369.196,0.494741,0.0697672,182.345,0.00665504,173
1.40149e+10,0.0213681,116.257,375.617,0.517616,0.0693013,182.26,0.00662248,172.902
1.4115e+10,0.0213606,116.39,382.289,0.542175,0.0688423,182.174,0.00659054,172.804
1.42151e+10,0.0213531,116.52,389.23,0.568596,0.0683901,182.087,0.0065592,172.704
1.43152e+10,0.0213454,116.647,396.461,0.59708,0.0679444,182,0.00652845,172.604
1.44153e+10,0.0213376,116.771,404.004,0.627859,0.0675052,181.912,0.00649829,172.502
1.45154e+10,0.0213298,116.893,411.884,0.661198,0.0670724,181.823,0.0064687,172.4
1.46155e+10,0.0213218,117.012,420.13,0.697404,0.0666457,181.734,0.00643967,172.298
1.47156e+10,0.0213138,117.129,428.773,0.736831,0.0662251,181.644,0.00641119,172.194
1.48157e+10,0.0213057,117.242,437.848,0.779893,0.0658105,181.554,0.00638325,172.09
1.49158e+10,0.0212976,117.353,447.396,0.827074,0.0654017,181.462,0.00635585,171.985
1.50159e+10,0.0212894,117.462,457.462,0.878942,0.0649986,181.371,0.00632896,171.879
1.5116e+10,0.0212811,117.568,468.097,0.936173,0.0646012,181.278,0.00630259,171.772
1.52161e+10,0.0212728,117.671,479.36,0.999571,0.0642092,181.185,0.00627672,171.665
1.53162e+10,0.0212644,117.772,491.321,1.0701,0.0638226,181.091,0.00625135,171.556
1.54163e+10,0.021256,117.87,504.057,1.14894,0.0634413,180.996,0.00622647,171.447
1.55164e+10,0.0212476,117.966,517.662,1.2375,0.0630652,180.901,0.00620207,171.338
1.56165e+10,0.0212391,118.06,532.243,1.33755,0.0626942,180.805,0.00617813,171.227
1.57166e+10,0.0212306,118.151,547.929,1.45129,0.0623282,180.709,0.00615467,171.115
1.58167e+10,0.0212221,118.239,564.874,1.58145,0.061967,180.612,0.00613166,171.003
1.59168e+10,0.0212135,118.325,583.262,1.73156,0.0616107,180.514,0.00610909,170.89
1.60169e+10,0.021205,118.409,603.319,1.90614,0.0612591,180.415,0.00608697,170.776
1.6117e+10,0.0211964,118.49,625.324,2.11114,0.0609121,180.316,0.00606529,170.662
1.62171e+10,0.0211878,118.569,649.624,2.35451,0.0605697,180.216,0.00604403,170.546
1.63172e+10,0.0211792,118.645,676.661,2.64706,0.0602318,180.116,0.0060232,170.43
1.64173e+10,0.0211706,118.719,707.008,3.00386,0.0598982,180.014,0.00600279,170.313
1.65174e+10,0.0211621,118.791,741.418,3.44649,0.0595689,179.913,0.00598278,170.195
1.66175e+10,0.0211535,118.861,780.912,4.00679,0.0592439,179.81,0.00596318,170.076
1.67175e+10,0.0211449,118.928,826.908,4.73356,0.058923,179.707,0.00594397,169.956
1.68176e+10,0.0211364,118.993,881.453,5.70509,0.0586061,179.603,0.00592516,169.836
1.69177e+10,0.0211279,119.056,947.625,7.05421,0.0582933,179.498,0.00590674,169.715
1.70178e+10,0.0211194,119.116,1030.32,9.02315,0.0579845,179.393,0.0058887,169.593
1.71179e+10,0.0211109,119.174,1137.92,12.098,0.0576795,179.287,0.00587103,169.47
1.7218e+10,0.0211025,119.23,1286.3,17.3937,0.0573783,179.18,0.00585374,169.346
1.73181e+10,0.0210941,119.284,1510.45,28.0395,0.0570809,179.073,0.00583681,169.221
1.74182e+10,0.0210857,119.336,1909.96,56.4868,0.0567871,178.965,0.00582025,169.096
1.75183e+10,0.0210774,119.385,2982.56,215.977,0.0564969,178.856,0.00580404,168.97
1.76184e+10,0.0210691,119.433,666.933,4296.35,0.0562103,178.747,0.00578819,168.843
1.77185e+10,0.0210609,119.478,82.7417,2178.29,0.0559272,178.636,0.00577269,168.715
1.78186e+10,0.0210527,119.521,35.6037,1648.06,0.0556476,178.526,0.00575753,168.586
1.79187e+10,0.0210445,119.562,20.8506,1381.11,0.0553713,178.414,0.00574271,168.456
1.80188e+10,0.0210364,119.601,14.0853,1213.7,0.0550984,178.302,0.00572822,168.326
1.81189e+10,0.0210284,119.637,10.3356,1096.34,0.0548287,178.189,0.00571407,168.194
1.8219e+10,0.0210205,119.672,8.0051,1008.3,0.0545622,178.075,0.00570025,168.062
1.83191e+10,0.0210126,119.704,6.44065,939.151,0.0542989,177.961,0.00568676,167.929
1.84192e+10,0.0210047,119.735,5.33058,883.013,0.0540388,177.846,0.00567358,167.795
1.85193e+10,0.020997,119.763,4.50924,836.283,0.0537817,177.73,0.00566072,167.66
1.86194e+10,0.0209893,119.79,3.88131,796.613,0.0535276,177.614,0.00564818,167.525
1.87195e+10,0.0209816,119.814,3.38844,762.402,0.0532765,177.497,0.00563595,167.388
1.88196e+10,0.0209741,119.836,2.99312,732.513,0.0530283,177.379,0.00562403,167.251
1.89197e+10,0.0209666,119.857,2.67026,706.116,0.052783,177.261,0.00561241,167.113
1.90198e+10,0.0209592,119.875,2.4025,682.585,0.0525406,177.141,0.00560109,166.973
1.91199e+10,0.0209519,119.891,2.17748,661.442,0.0523009,177.021,0.00559008,166.833
1.922e+10,0.0209447,119.905,1.98621,642.314,0.052064,176.901,0.00557936,166.692
1.93201e+10,0.0209376,119.918,1.82198,624.904,0.0518298,176.779,0.00556893,166.551
1.94202e+10,0.0209306,119.928,1.67971,608.972,0.0515983,176.657,0.0055588,166.408
1.95203e+10,0.0209236,119.937,1.55549,594.322,0.0513694,176.535,0.00554895,166.264
1.96204e+10,0.0209168,119.943,1.44625,580.795,0.0511431,176.411,0.00553939,166.12
1.97205e+10,0.0209101,119.948,1.34957,568.254,0.0509194,176.287,0.00553011,165.974
1.98206e+10,0.0209034,119.95,1.26351,556.588,0.0506981,176.162,0.00552112,165.828
1.99207e+10,0.0208969,119.951,1.1865,545.702,0.0504794,176.036,0.0055124,165.681
2.00208e+10,0.0208905,119.95,1.11725,535.512,0.0502631,175.91,0.00550396,165.533
2.01209e+10,0.0208841,119.946,1.05471,525.949,0.0500492,175.783,0.00549579,165.384
2.0221e+10,0.0208779,119.941,0.998001,516.952,0.0498377,175.655,0.0054879,165.234
2.03211e+10,0.0208718,119.935,0.94638,508.468,0.0496285,175.526,0.00548028,165.083
2.04212e+10,0.0208658,119.926,0.899229,500.452,0.0494217,175.397,0.00547293,164.931
2.05213e+10,0.02086,119.915,0.85602,492.861,0.0492171,175.267,0.00546584,164.778
2.06214e+10,0.0208542,119.902,0.816306,485.661,0.0490148,175.136,0.00545902,164.625
2.07215e+10,0.0208486,119.888,0.779699,478.819,0.0488146,175.005,0.00545246,164.47
2.08216e+10,0.0208431,119.872,0.745869,472.308,0.0486167,174.873,0.00544617,164.315
2.09217e+10,0.0208377,119.854,0.714527,466.101,0.0484209,174.74,0.00544014,164.158
2.10218e+10,0.0208325,119.834,0.685423,460.176,0.0482273,174.606,0.00543436,164.001
2.11219e+10,0.0208273,119.812,0.658338,454.513,0.0480357,174.471,0.00542884,163.842
2.1222e+10,0.0208223,119.788,0.633079,449.093,0.0478462,174.336,0.00542358,163.683
2.13221e+10,0.0208175,119.763,0.609478,443.899,0.0476587,174.2,0.00541858,163.523
2.14222e+10,0.0208128,119.735,0.587386,438.917,0.0474733,174.064,0.00541382,163.362
2.15223e+10,0.0208082,119.706,0.566668,434.132,0.0472898,173.926,0.00540932,163.2
2.16224e+10,0.0208037,119.675,0.547209,429.532,0.0471084,173.788,0.00540507,163.036
2.17225e+10,0.0207994,119.642,0.528902,425.106,0.0469288,173.649,0.00540108,162.872
2.18226e+10,0.0207952,119.608,0.511653,420.842,0.0467511,173.509,0.00539733,162.707
2.19227e+10,0.0207912,119.572,0.495379,416.732,0.0465754,173.369,0.00539383,162.541
2.20228e+10,0.0207874,119.533,0.480003,412.767,0.0464015,173.228,0.00539057,162.374
2.21229e+10,0.0207836,119.494,0.465456,408.937,0.0462294,173.086,0.00538756,162.206
2.2223e+10,0.0207801,119.452,0.451677,405.236,0.0460592,172.943,0.0053848,162.037
2.23231e+10,0.0207767,119.408,0.43861,401.656,0.0458907,172.799,0.00538229,161.867
2.24232e+10,0.0207734,119.363,0.426203,398.192,0.045724,172.655,0.00538002,161.696
2.25233e+10,0.0207703,119.316,0.414411,394.837,0.0455591,172.51,0.00537799,161.524
2.26234e+10,0.0207673,119.267,0.403192,391.585,0.0453959,172.364,0.0053762,161.351
2.27235e+10,0.0207646,119.217,0.392507,388.432,0.0452343,172.218,0.00537466,161.178
2.28236e+10,0.0207619,119.165,0.38232,385.372,0.0450745,172.07,0.00537336,161.003
2.29237e+10,0.0207595,119.11,0.372599,382.4,0.0449164,171.922,0.0053723,160.827
2.30238e+10,0.0207572,119.055,0.363315,379.514,0.0447598,171.773,0.00537149,160.65
2.31239e+10,0.0207551,118.997,0.354441,376.708,0.0446049,171.624,0.00537091,160.471
2.3224e+10,0.0207531,118.938,0.345951,373.979,0.0444517,171.473,0.00537058,160.292
2.33241e+10,0.0207514,118.877,0.337823,371.324,0.0443,171.322,0.00537048,160.112
2.34242e+10,0.0207498,118.814,0.330034,368.739,0.0441498,171.17,0.00537063,159.931
2.35243e+10,0.0207483,118.75,0.322565,366.221,0.0440012,171.017,0.00537102,159.749
2.36244e+10,0.0207471,118.683,0.315399,363.767,0.0438542,170.864,0.00537164,159.566
2.37245e+10,0.020746,118.615,0.308517,361.375,0.0437086,170.709,0.00537251,159.382
2.38246e+10,0.0207452,118.546,0.301904,359.041,0.0435646,170.554,0.00537362,159.196
2.39247e+10,0.0207445,118.474,0.295545,356.764,0.043422,170.398,0.00537497,159.01
2.40248e+10,0.020744,118.401,0.289428,354.542,0.0432809,170.241,0.00537656,158.822
2.41249e+10,0.0207437,118.326,0.283538,352.371,0.0431413,170.084,0.00537839,158.634
2.4225e+10,0.0207435,118.25,0.277865,350.251,0.0430031,169.926,0.00538046,158.444
2.43251e+10,0.0207436,118.172,0.272396,348.178,0.0428663,169.766,0.00538277,158.254
2.44252e+10,0.0207439,118.092,0.267123,346.152,0.0427309,169.606,0.00538533,158.062
2.45253e+10,0.0207443,118.01,0.262035,344.17,0.0425968,169.446,0.00538813,157.869
2.46254e+10,0.020745,117.927,0.257122,342.231,0.0424642,169.284,0.00539116,157.675
2.47255e+10,0.0207458,117.841,0.252378,340.333,0.0423329,169.122,0.00539445,157.48
2.48256e+10,0.0207469,117.755,0.247792,338.474,0.0422029,168.958,0.00539797,157.284
2.49257e+10,0.0207482,117.666,0.243359,336.654,0.0420743,168.794,0.00540174,157.086
2.50258e+10,0.0207497,117.576,0.239071,334.871,0.041947,168.629,0.00540576,156.888
2.51259e+10,0.0207514,117.484,0.234922,333.124,0.041821,168.464,0.00541002,156.689
2.5226e+10,0.0207533,117.39,0.230904,331.411,0.0416962,168.297,0.00541453,156.488
2.53261e+10,0.0207554,117.295,0.227013,329.731,0.0415728,168.13,0.00541929,156.286
2.54262e+10,0.0207577,117.198,0.223243,328.084,0.0414506,167.962,0.00542429,156.083
2.55263e+10,0.0207603,117.099,0.219588,326.467,0.0413296,167.793,0.00542954,155.879
2.56264e+10,0.0207631,116.999,0.216043,324.88,0.0412099,167.623,0.00543504,155.674
2.57265e+10,0.0207661,116.897,0.212605,323.323,0.0410914,167.452,0.0054408,155.468
2.58266e+10,0.0207693,116.793,0.209268,321.793,0.0409741,167.281,0.0054468,155.26
2.59267e+10,0.0207727,116.687,0.206028,320.291,0.040858,167.108,0.00545306,155.051
2.60268e+10,0.0207764,116.58,0.202881,318.815,0.0407431,166.935,0.00545958,154.841
2.61269e+10,0.0207803,116.471,0.199824,317.364,0.0406293,166.761,0.00546635,154.63
2.6227e+10,0.0207845,116.36,0.196853,315.938,0.0405168,166.586,0.00547337,154.418
2.63271e+10,0.0207889,116.248,0.193965,314.536,0.0404054,166.41,0.00548066,154.205
2.64272e+10,0.0207935,116.134,0.191156,313.158,0.0402951,166.234,0.0054882,153.99
2.65273e+10,0.0207984,116.018,0.188424,311.801,0.0401859,166.056,0.00549601,153.774
2.66274e+10,0.0208035,115.901,0.185764,310.467,0.0400779,165.878,0.00550408,153.557
2.67275e+10,0.0208089,115.781,0.183176,309.154,0.039971,165.699,0.00551241,153.339
2.68276e+10,0.0208145,115.661,0.180655,307.861,0.0398652,165.519,0.00552101,153.119
2.69277e+10,0.0208204,115.538,0.178201,306.589,0.0397604,165.338,0.00552988,152.899
2.70278e+10,0.0208265,115.414,0.175809,305.335,0.0396568,165.156,0.00553902,152.677
2.71279e+10,0.0208329,115.288,0.173478,304.101,0.0395542,164.973,0.00554843,152.453
2.7228e+10,0.0208396,115.16,0.171206,302.885,0.0394527,164.79,0.00555811,152.229
2.73281e+10,0.0208465,115.031,0.16899,301.687,0.0393523,164.605,0.00556807,152.003
2.74282e+10,0.0208537,114.899,0.16683,300.506,0.0392528,164.42,0.0055783,151.776
2.75283e+10,0.0208612,114.766,0.164722,299.342,0.0391544,164.234,0.00558882,151.548
2.76284e+10,0.0208689,114.632,0.162665,298.194,0.0390571,164.046,0.00559961,151.318
2.77285e+10,0.0208769,114.496,0.160657,297.062,0.0389607,163.858,0.0056107,151.087
2.78285e+10,0.0208852,114.358,0.158697,295.946,0.0388654,163.669,0.00562206,150.855
2.79286e+10,0.0208937,114.218,0.156783,294.845,0.0387711,163.48,0.00563372,150.622
2.80287e+10,0.0209026,114.076,0.154913,293.758,0.0386777,163.289,0.00564567,150.387
2.81288e+10,0.0209117,113.933,0.153087,292.686,0.0385854,163.097,0.00565791,150.151
2.82289e+10,0.0209212,113.788,0.151302,291.628,0.038494,162.905,0.00567044,149.913
2.8329e+10,0.0209309,113.641,0.149558,290.583,0.0384036,162.711,0.00568328,149.674
2.84291e+10,0.0209409,113.493,0.147852,289.552,0.0383141,162.517,0.00569642,149.434
2.85292e+10,0.0209512,113.343,0.146185,288.533,0.0382256,162.322,0.00570986,149.193
2.86293e+10,0.0209619,113.191,0.144554,287.527,0.0381381,162.125,0.00572361,148.95
2.87294e+10,0.0209728,113.037,0.142959,286.534,0.0380515,161.928,0.00573767,148.706
2.88295e+10,0.0209841,112.882,0.141399,285.552,0.0379658,161.73,0.00575204,148.46
2.89296e+10,0.0209956,112.725,0.139871,284.582,0.037881,161.531,0.00576674,148.213
2.90297e+10,0.0210075,112.566,0.138377,283.623,0.0377972,161.331,0.00578175,147.964
2.91298e+10,0.0210197,112.405,0.136913,282.676,0.0377143,161.131,0.00579708,147.715
2.92299e+10,0.0210322,112.243,0.135481,281.739,0.0376322,160.929,0.00581274,147.463
2.933e+10,0.0210451,112.078,0.134078,280.812,0.0375511,160.726,0.00582873,147.211
2.94301e+10,0.0210583,111.912,0.132704,279.896,0.0374709,160.522,0.00584506,146.956
2.95302e+10,0.0210718,111.745,0.131357,278.991,0.0373915,160.318,0.00586172,146.701
2.96303e+10,0.0210857,111.575,0.130039,278.094,0.0373131,160.112,0.00587872,146.444
2.97304e+10,0.0210999,111.404,0.128746,277.208,0.0372355,159.905,0.00589607,146.185
2.98305e+10,0.0211145,111.23,0.127479,276.331,0.0371588,159.698,0.00591377,145.925
2.99306e+10,0.0211294,111.055,0.126238,275.463,0.0370829,159.489,0.00593182,145.664
3.00307e+10,0.0211447,110.879,0.12502,274.604,0.0370079,159.28,0.00595023,145.401
3.01308e+10,0.0211604,110.7,0.123826,273.753,0.0369338,159.069,0.00596901,145.136
3.02309e+10,0.0211764,110.52,0.122655,272.912,0.0368605,158.858,0.00598814,144.87
3.0331e+10,0.0211928,110.337,0.121507,272.078,0.036788,158.645,0.00600765,144.602
3.04311e+10,0.0212095,110.153,0.120381,271.253,0.0367164,158.432,0.00602754,144.333
3.05312e+10,0.0212267,109.967,0.119275,270.435,0.0366456,158.218,0.0060478,144.063
3.06313e+10,0.0212442,109.78,0.118191,269.626,0.0365757,158.002,0.00606845,143.79
3.07314e+10,0.0212621,109.59,0.117126,268.824,0.0365066,157.786,0.0060895,143.516
3.08315e+10,0.0212805,109.399,0.116081,268.029,0.0364382,157.568,0.00611093,143.241
3.09316e+10,0.0212992,109.205,0.115055,267.242,0.0363707,157.35,0.00613277,142.964
3.10317e+10,0.0213183,109.01,0.114048,266.462,0.036304,157.131,0.00615501,142.685
3.11318e+10,0.0213379,108.813,0.113059,265.688,0.0362382,156.91,0.00617767,142.405
3.12319e+10,0.0213578,108.614,0.112088,264.922,0.0361731,156.689,0.00620074,142.123
3.1332e+10,0.0213782,108.414,0.111134,264.162,0.0361088,156.466,0.00622424,141.839
3.14321e+10,0.021399,108.211,0.110197,263.409,0.0360453,156.243,0.00624817,141.554
3.15322e+10,0.0214202,108.006,0.109277,262.662,0.0359826,156.018,0.00627253,141.267
3.16323e+10,0.0214419,107.8,0.108372,261.921,0.0359207,155.792,0.00629733,140.978
3.17324e+10,0.0214641,107.591,0.107484,261.187,0.0358595,155.566,0.00632258,140.688
3.18325e+10,0.0214866,107.381,0.10661,260.458,0.0357991,155.338,0.00634829,140.396
3.19326e+10,0.0215097,107.169,0.105752,259.735,0.0357396,155.109,0.00637446,140.102
3.20327e+10,0.0215332,106.954,0.104908,259.018,0.0356807,154.88,0.0064011,139.806
3.21328e+10,0.0215571,106.738,0.104078,258.307,0.0356227,154.649,0.00642821,139.509
3.22329e+10,0.0215816,106.52,0.103262,257.6,0.0355654,154.417,0.0064558,139.21
3.2333e+10,0.0216065,106.3,0.10246,256.9,0.0355089,154.184,0.00648389,138.909
3.24331e+10,0.021632,106.078,0.101671,256.204,0.0354531,153.95,0.00651248,138.606
3.25332e+10,0.0216579,105.854,0.100895,255.514,0.0353981,153.714,0.00654157,138.301
3.26333e+10,0.0216843,105.628,0.100132,254.829,0.0353438,153.478,0.00657118,137.995
3.27334e+10,0.0217113,105.4,0.0993816,254.148,0.0352903,153.241,0.0066013,137.687
3.28335e+10,0.0217388,105.169,0.0986431,253.473,0.0352376,153.002,0.00663197,137.376
3.29336e+10,0.0217668,104.937,0.0979164,252.802,0.0351856,152.763,0.00666317,137.064
3.30337e+10,0.0217953,104.703,0.0972014,252.136,0.0351343,152.522,0.00669492,136.75
3.31338e+10,0.0218244,104.467,0.0964977,251.474,0.0350838,152.28,0.00672722,136.434
3.32339e+10,0.021854,104.229,0.0958052,250.817,0.035034,152.038,0.0067601,136.116
3.3334e+10,0.0218842,103.988,0.0951236,250.164,0.0349849,151.794,0.00679355,135.797
3.34341e+10,0.021915,103.746,0.0944526,249.515,0.0349366,151.548,0.00682759,135.475
3.35342e+10,0.0219464,103.501,0.0937921,248.871,0.034889,151.302,0.00686223,135.151
3.36343e+10,0.0219783,103.254,0.0931419,248.231,0.0348421,151.055,0.00689748,134.825
3.37344e+10,0.0220108,103.006,0.0925016,247.594,0.034796,150.806,0.00693335,134.497
3.38345e+10,0.022044,102.755,0.0918711,246.962,0.0347506,150.556,0.00696984,134.167
3.39346e+10,0.0220778,102.502,0.0912502,246.333,0.0347059,150.306,0.00700698,133.835
3.40347e+10,0.0221122,102.246,0.0906388,245.708,0.034662,150.054,0.00704477,133.501
3.41348e+10,0.0221472,101.989,0.0900366,245.087,0.0346187,149.8,0.00708322,133.164
3.42349e+10,0.0221829,101.729,0.0894434,244.469,0.0345762,149.546,0.00712236,132.826
3.4335e+10,0.0222192,101.467,0.088859,243.855,0.0345344,149.291,0.00716218,132.485
3.44351e+10,0.0222562,101.203,0.0882834,243.244,0.0344934,149.034,0.00720271,132.142
3.45352e+10,0.022294,100.937,0.0877162,242.637,0.034453,148.776,0.00724395,131.797
3.46353e+10,0.0223324,100.669,0.0871574,242.033,0.0344134,148.517,0.00728592,131.45
3.47354e+10,0.0223715,100.398,0.0866068,241.432,0.0343745,148.256,0.00732864,131.1
3.48355e+10,0.0224113,100.125,0.0860642,240.834,0.0343363,147.995,0.00737212,130.749
3.49356e+10,0.0224518,99.8494,0.0855295,240.24,0.0342988,147.732,0.00741637,130.394
3.50357e+10,0.0224931,99.5717,0.0850025,239.649,0.034262,147.468,0.00746141,130.038
3.51358e+10,0.0225352,99.2917,0.0844831,239.06,0.0342259,147.203,0.00750725,129.679
3.52359e+10,0.0225781,99.0093,0.0839712,238.475,0.0341906,146.936,0.00755392,129.318
3.5336e+10,0.0226217,98.7246,0.0834665,237.892,0.034156,146.669,0.00760142,128.954
3.54361e+10,0.0226661,98.4375,0.082969,237.312,0.0341221,146.4,0.00764978,128.588
3.55362e+10,0.0227113,98.1479,0.0824785,236.735,0.0340889,146.13,0.00769902,128.219
3.56363e+10,0.0227574,97.856,0.0819949,236.16,0.0340564,145.858,0.00774914,127.848
3.57364e+10,0.0228043,97.5616,0.0815181,235.589,0.0340246,145.585,0.00780017,127.475
3.58365e+10,0.0228521,97.2648,0.081048,235.019,0.0339935,145.311,0.00785214,127.099
3.59366e+10,0.0229008,96.9655,0.0805844,234.453,0.0339632,145.036,0.00790505,126.72
3.60367e+10,0.0229504,96.6637,0.0801272,233.888,0.0339336,144.76,0.00795893,126.338
3.61368e+10,0.0230009,96.3593,0.0796763,233.327,0.0339047,144.482,0.0080138,125.954
3.62369e+10,0.0230523,96.0524,0.0792316,232.767,0.0338765,144.202,0.00806968,125.568
3.6337e+10,0.0231047,95.743,0.0787931,232.21,0.033849,143.922,0.0081266,125.178
3.64371e+10,0.023158,95.431,0.0783605,231.655,0.0338222,143.64,0.00818458,124.786
3.65372e+10,0.0232123,95.1163,0.0779337,231.102,0.0337962,143.357,0.00824364,124.391
3.66373e+10,0.0232677,94.799,0.0775128,230.552,0.0337709,143.072,0.0083038,123.993
3.67374e+10,0.0233241,94.4791,0.0770976,230.004,0.0337463,142.786,0.0083651,123.593
3.68375e+10,0.0233815,94.1564,0.0766879,229.457,0.0337224,142.499,0.00842756,123.189
3.69376e+10,0.02344,93.8311,0.0762837,228.913,0.0336993,142.211,0.0084912,122.783
3.70377e+10,0.0234997,93.503,0.075885,228.371,0.0336769,141.921,0.00855605,122.373
3.71378e+10,0.0235604,93.1722,0.0754915,227.83,0.0336552,141.629,0.00862214,121.961
3.72379e+10,0.0236223,92.8386,0.0751033,227.292,0.0336343,141.337,0.00868951,121.545
3.7338e+10,0.0236854,92.5021,0.0747202,226.755,0.033614,141.043,0.00875817,121.127
3.74381e+10,0.0237497,92.1628,0.0743422,226.221,0.0335946,140.747,0.00882817,120.705
3.75382e+10,0.0238152,91.8207,0.0739691,225.688,0.0335758,140.45,0.00889954,120.28
3.76383e+10,0.023882,91.4756,0.073601,225.156,0.0335578,140.152,0.0089723,119.852
3.77384e+10,0.02395,91.1276,0.0732377,224.627,0.0335405,139.852,0.00904651,119.421
3.78385e+10,0.0240194,90.7766,0.0728791,224.099,0.033524,139.551,0.00912218,118.986
3.79386e+10,0.0240901,90.4226,0.0725252,223.572,0.0335083,139.248,0.00919936,118.548
3.80387e+10,0.0241623,90.0656,0.0721758,223.048,0.0334932,138.944,0.00927809,118.107
3.81388e+10,0.0242358,89.7055,0.0718311,222.525,0.033479,138.638,0.0093584,117.662
3.82389e+10,0.0243107,89.3424,0.0714907,222.003,0.0334655,138.331,0.00944035,117.213
3.8339e+10,0.0243872,88.976,0.0711548,221.483,0.0334527,138.022,0.00952396,116.762
3.84391e+10,0.0244652,88.6065,0.0708232,220.964,0.0334408,137.712,0.0096093,116.306
3.85392e+10,0.0245447,88.2338,0.0704958,220.446,0.0334295,137.401,0.00969639,115.847
3.86393e+10,0.0246259,87.8579,0.0701727,219.93,0.0334191,137.088,0.0097853,115.384
3.87394e+10,0.0247086,87.4786,0.0698536,219.416,0.0334094,136.773,0.00987607,114.917
3.88395e+10,0.0247931,87.096,0.0695387,218.902,0.0334006,136.457,0.00996874,114.446
3.89395e+10,0.0248793,86.7101,0.0692277,218.39,0.0333925,136.139,0.0100634,113.972
3.90396e+10,0.0249672,86.3207,0.0689208,217.879,0.0333851,135.82,0.01016,113.493
3.91397e+10,0.025057,85.9279,0.0686177,217.369,0.0333786,135.499,0.0102588,113.011
3.92398e+10,0.0251487,85.5315,0.0683184,216.861,0.0333729,135.176,0.0103597,112.524
3.93399e+10,0.0252423,85.1316,0.068023,216.353,0.033368,134.852,0.0104627,112.033
3.944e+10,0.0253378,84.7281,0.0677313,215.847,0.0333639,134.526,0.0105681,111.538
3.95401e+10,0.0254354,84.321,0.0674432,215.342,0.0333606,134.199,0.0106758,111.039
3.96402e+10,0.0255351,83.9101,0.0671588,214.837,0.0333581,133.87,0.0107858,110.535
3.97403e+10,0.0256369,83.4955,0.066878,214.334,0.0333565,133.539,0.0108984,110.027
3.98404e+10,0.025741,83.0771,0.0666007,213.832,0.0333557,133.207,0.0110135,109.514
3.99405e+10,0.0258473,82.6548,0.0663269,213.331,0.0333557,132.873,0.0111312,108.996
4.00406e+10,0.025956,82.2286,0.0660566,212.83,0.0333565,132.538,0.0112517,108.474
4.01407e+10,0.0260671,81.7984,0.0657896,212.331,0.0333583,132.2,0.0113749,107.947
4.02408e+10,0.0261807,81.3642,0.065526,211.832,0.0333608,131.861,0.011501,107.415
4.03409e+10,0.0262969,80.9259,0.0652657,211.334,0.0333643,131.521,0.0116301,106.878
4.0441e+10,0.0264157,80.4833,0.0650086,210.837,0.0333686,131.178,0.0117623,106.336
4.05411e+10,0.0265373,80.0366,0.0647548,210.341,0.0333738,130.834,0.0118976,105.789
4.06412e+10,0.0266616,79.5855,0.0645041,209.845,0.0333798,130.488,0.0120363,105.237
4.07413e+10,0.026789,79.1301,0.0642566,209.351,0.0333868,130.14,0.0121783,104.679
4.08414e+10,0.0269193,78.6702,0.0640122,208.857,0.0333947,129.791,0.0123238,104.115
4.09415e+10,0.0270527,78.2058,0.0637708,208.363,0.0334034,129.439,0.012473,103.546
4.10416e+10,0.0271894,77.7368,0.0635325,207.871,0.0334131,129.086,0.012626,102.972
4.11417e+10,0.0273294,77.2631,0.0632971,207.378,0.0334238,128.731,0.0127828,102.391
4.12418e+10,0.0274729,76.7846,0.0630647,206.887,0.0334353,128.374,0.0129437,101.804
4.13419e+10,0.02762,76.3012,0.0628353,206.396,0.0334478,128.016,0.0131087,101.212
4.1442e+10,0.0277708,75.8129,0.0626087,205.906,0.0334613,127.655,0.0132781,100.613
4.15421e+10,0.0279254,75.3196,0.0623849,205.416,0.0334757,127.292,0.013452,100.007
4.16422e+10,0.028084,74.8211,0.0621639,204.926,0.0334912,126.928,0.0136305,99.3951
4.17423e+10,0.0282468,74.3173,0.0619458,204.438,0.0335076,126.562,0.0138139,98.7765
4.18424e+10,0.0284139,73.8082,0.0617303,203.949,0.033525,126.193,0.0140023,98.1509
4.19425e+10,0.0285854,73.2936,0.0615176,203.461,0.0335434,125.823,0.014196,97.5184
4.20426e+10,0.0287617,72.7735,0.0613076,202.974,0.0335628,125.451,0.0143951,96.8787
4.21427e+10,0.0289427,72.2477,0.0611002,202.486,0.0335833,125.077,0.0145999,96.2315
4.22428e+10,0.0291288,71.716,0.0608955,202,0.0336048,124.7,0.0148105,95.5769
4.23429e+10,0.0293202,71.1784,0.0606933,201.513,0.0336273,124.322,0.0150273,94.9145
4.2443e+10,0.029517,70.6347,0.0604938,201.027,0.033651,123.942,0.0152506,94.2441
4.25431e+10,0.0297196,70.0848,0.0602967,200.541,0.0336757,123.559,0.0154805,93.5656
4.26432e+10,0.0299281,69.5285,0.0601022,200.055,0.0337015,123.175,0.0157174,92.8787
4.27433e+10,0.0301429,68.9658,0.0599102,199.57,0.0337285,122.788,0.0159615,92.1832
4.28434e+10,0.0303642,68.3963,0.0597206,199.085,0.0337565,122.399,0.0162133,91.4789
4.29435e+10,0.0305923,67.82,0.0595335,198.6,0.0337858,122.009,0.0164731,90.7655
4.30436e+10,0.0308276,67.2367,0.0593488,198.115,0.0338161,121.615,0.0167412,90.0428
4.31437e+10,0.0310704,66.6462,0.0591664,197.63,0.0338477,121.22,0.017018,89.3104
4.32438e+10,0.0313211,66.0483,0.0589865,197.146,0.0338804,120.823,0.0173041,88.5681
4.33439e+10,0.03158,65.4428,0.0588089,196.662,0.0339144,120.423,0.0175997,87.8156
4.3444e+10,0.0318477,64.8295,0.0586336,196.177,0.0339496,120.021,0.0179054,87.0525
4.35441e+10,0.0321245,64.2082,0.0584606,195.693,0.033986,119.617,0.0182218,86.2786
4.36442e+10,0.0324109,63.5786,0.0582898,195.209,0.0340237,119.21,0.0185494,85.4935
4.37443e+10,0.0327076,62.9405,0.0581214,194.725,0.0340627,118.801,0.0188887,84.6968
4.38444e+10,0.0330149,62.2937,0.0579551,194.241,0.034103,118.39,0.0192405,83.8882
4.39445e+10,0.0333337,61.6378,0.0577911,193.757,0.0341446,117.976,0.0196054,83.0672
4.40446e+10,0.0336645,60.9727,0.0576293,193.273,0.0341876,117.56,0.0199841,82.2333
4.41447e+10,0.034008,60.2979,0.0574696,192.788,0.0342319,117.142,0.0203776,81.3862
4.42448e+10,0.0343652,59.6131,0.0573121,192.304,0.0342776,116.721,0.0207866,80.5253
4.43449e+10,0.0347367,58.918,0.0571568,191.82,0.0343248,116.297,0.0212121,79.6501
4.4445e+10,0.0351235,58.2123,0.0570035,191.335,0.0343733,115.872,0.0216552,78.7602
4.45451e+10,0.0355267,57.4955,0.0568524,190.851,0.0344234,115.443,0.022117,77.8548
4.46452e+10,0.0359474,56.7673,0.0567034,190.366,0.0344749,115.012,0.0225986,76.9333
4.47453e+10,0.0363868,56.0271,0.0565564,189.881,0.034528,114.578,0.0231015,75.9952
4.48454e+10,0.0368463,55.2746,0.0564115,189.396,0.0345826,114.142,0.0236272,75.0396
4.49455e+10,0.0373273,54.5091,0.0562686,188.911,0.0346387,113.703,0.0241772,74.0659
4.50456e+10,0.0378316,53.7302,0.0561278,188.425,0.0346965,113.262,0.0247534,73.0731
4.51457e+10,0.0383609,52.9372,0.0559889,187.94,0.0347559,112.817,0.0253577,72.0605
4.52458e+10,0.0389173,52.1296,0.0558521,187.454,0.034817,112.37,0.0259924,71.0271
4.53459e+10,0.0395031,51.3066,0.0557172,186.967,0.0348798,111.921,0.0266599,69.9717
4.5446e+10,0.0401208,50.4674,0.0555843,186.481,0.0349443,111.468,0.027363,68.8934
4.55461e+10,0.0407734,49.6114,0.0554533,185.994,0.0350105,111.012,0.0281048,67.7909
4.56462e+10,0.0414642,48.7374,0.0553243,185.507,0.0350786,110.554,0.0288887,66.6628
4.57463e+10,0.0421968,47.8447,0.0551972,185.019,0.0351485,110.093,0.0297187,65.5078
4.58464e+10,0.0429755,46.9321,0.0550721,184.531,0.0352203,109.629,0.0305993,64.3243
4.59465e+10,0.0438051,45.9985,0.0549488,184.043,0.035294,109.161,0.0315356,63.1104
4.60466e+10,0.0446914,45.0425,0.0548274,183.554,0.0353696,108.691,0.0325335,61.8643
4.61467e+10,0.0456408,44.0627,0.0547079,183.065,0.0354473,108.218,0.0335998,60.5838
4.62468e+10,0.046661,43.0574,0.0545903,182.575,0.035527,107.741,0.0347425,59.2665
4.63469e+10,0.047761,42.0249,0.0544745,182.085,0.0356088,107.262,0.035971,57.9098
4.6447e+10,0.0489515,40.963,0.0543606,181.594,0.0356927,106.779,0.0372961,56.5106
4.65471e+10,0.0502452,39.8695,0.0542486,181.103,0.0357788,106.293,0.0387312,55.0654
4.66472e+10,0.0516578,38.7417,0.0541383,180.612,0.0358672,105.803,0.0402921,53.5705
4.67473e+10,0.053208,37.5764,0.0540299,180.119,0.0359578,105.311,0.0419981,52.0211
4.68474e+10,0.0549195,36.3702,0.0539233,179.627,0.0360508,104.815,0.0438731,50.4122
4.69475e+10,0.0568215,35.1186,0.0538185,179.133,0.0361462,104.315,0.0459468,48.7375
4.70476e+10,0.0589516,33.8168,0.0537155,178.639,0.036244,103.812,0.0482572,46.9897
4.71477e+10,0.0613587,32.4587,0.0536143,178.145,0.0363444,103.306,0.0508534,45.1601
4.72478e+10,0.0641073,31.037,0.0535149,177.649,0.0364474,102.796,0.0538,43.2379
4.73479e+10,0.0672856,29.5423,0.0534172,177.153,0.036553,102.282,0.0571851,41.21
4.7448e+10,0.0710167,27.963,0.0533214,176.657,0.0366613,101.764,0.0611313,39.0594
4.75481e+10,0.0754802,26.284,0.0532272,176.159,0.0367724,101.243,0.0658165,36.7642
4.76482e+10,0.0809487,24.4847,0.0531349,175.661,0.0368865,100.718,0.0715103,34.2949
4.77483e+10,0.0878624,22.5362,0.0530443,175.163,0.0370034,100.189,0.0786461,31.6104
4.78484e+10,0.0969884,20.396,0.0529554,174.663,0.0371234,99.6567,0.0879769,28.6494
4.79485e+10,0.109819,17.9956,0.0528683,174.163,0.0372465,99.12,0.100963,25.3147
4.80486e+10,0.129783,15.2127,0.052783,173.662,0.0373728,98.5792,0.120949,21.4315
4.81487e+10,0.167452,11.7791,0.0526993,173.16,0.0375024,98.0343,0.158216,16.619
4.82488e+10,0.291019,6.77116,0.0526174,172.657,0.0376354,97.4853,0.278927,9.56392
4.83489e+10,6.89494,0.285518,0.0525373,172.153,0.0377719,96.9319,9.75415,0.277514
4.8449e+10,11.8733,0.165643,0.0524588,171.649,0.037912,96.3742,16.8307,0.163229
4.85491e+10,15.3206,0.128248,0.0523821,171.143,0.0380557,95.8121,21.7534,0.128198
4.86492e+10,18.1311,0.108264,0.0523071,170.637,0.0382033,95.2456,25.7869,0.109798
4.87493e+10,20.5675,0.0953469,0.0522338,170.13,0.0383549,94.6744,29.3015,0.098124
4.88494e+10,22.7502,0.0861159,0.0521622,169.621,0.0385105,94.0986,32.4669,0.0899453
4.89495e+10,24.7465,0.0790926,0.0520924,169.112,0.0386703,93.5181,35.3775,0.0838553
4.90496e+10,26.5984,0.0735151,0.0520242,168.602,0.0388345,92.9327,38.0927,0.0791304
4.91497e+10,28.3341,0.0689451,0.0519578,168.091,0.0390032,92.3424,40.6521,0.0753559
4.92498e+10,29.9739,0.0651106,0.0518931,167.579,0.0391764,91.7471,43.0842,0.072275
4.93499e+10,31.5327,0.0618323,0.0518301,167.065,0.0393545,91.1467,45.4101,0.0697192
4.945e+10,33.0221,0.0589868,0.0517689,166.551,0.0395376,90.5411,47.6461,0.0675726
4.95501e+10,34.4509,0.056486,0.0517093,166.035,0.0397257,89.9302,49.8047,0.0657531
4.96502e+10,35.8265,0.054265,0.0516515,165.519,0.0399192,89.3138,51.8965,0.0642002
4.97503e+10,37.1547,0.0522748,0.0515954,165.001,0.0401183,88.6919,53.9297,0.0628687
4.98504e+10,38.4405,0.0504778,0.051541,164.482,0.040323,88.0644,55.9113,0.0617237
4.99505e+10,39.6879,0.0488442,0.0514883,163.962,0.0405337,87.431,57.8474,0.0607382
5.00505e+10,40.9006,0.0473505,0.0514374,163.44,0.0407506,86.7918,59.7431,0.0598907
5.01506e+10,42.0815,0.0459777,0.0513882,162.918,0.0409739,86.1465,61.6026,0.059164
5.02507e+10,43.2331,0.04471,0.0513408,162.394,0.0412039,85.4951,63.4299,0.0585442
5.03508e+10,44.3579,0.0435346,0.051295,161.869,0.0414408,84.8373,65.2284,0.0580199
5.04509e+10,45.4576,0.0424406,0.0512511,161.342,0.0416849,84.173,67.0011,0.0575816
5.0551e+10,46.5343,0.041419,0.0512089,160.815,0.0419366,83.5022,68.7506,0.0572216
5.06511e+10,47.5893,0.040462,0.0511684,160.286,0.0421962,82.8246,70.4795,0.0569333
5.07512e+10,48.6242,0.0395629,0.0511297,159.755,0.0424639,82.14,72.19,0.0567113
5.08513e+10,49.6401,0.0387162,0.0510928,159.223,0.0427403,81.4483,73.884,0.0565511
5.09514e+10,50.6382,0.0379168,0.0510577,158.69,0.0430256,80.7493,75.5636,0.0564488
5.10515e+10,51.6196,0.0371604,0.0510243,158.155,0.0433202,80.0428,77.2304,0.0564013
5.11516e+10,52.5851,0.0364432,0.0509928,157.619,0.0436247,79.3286,78.8861,0.0564058
5.12517e+10,53.5357,0.0357619,0.050963,157.081,0.0439395,78.6065,80.5322,0.0564601
5.13518e+10,54.472,0.0351137,0.0509351,156.542,0.044265,77.8762,82.1702,0.0565625
5.14519e+10,55.3949,0.0344957,0.0509089,156.001,0.0446019,77.1376,83.8015,0.0567114
5.1552e+10,56.305,0.0339058,0.0508847,155.459,0.0449507,76.3904,85.4273,0.0569058
5.16521e+10,57.2029,0.0333417,0.0508622,154.915,0.0453121,75.6344,87.049,0.0571447
5.17522e+10,58.0892,0.0328018,0.0508416,154.37,0.0456866,74.8692,88.6677,0.0574275
5.18523e+10,58.9643,0.0322841,0.0508229,153.823,0.0460751,74.0946,90.2847,0.0577539
5.19524e+10,59.8289,0.0317874,0.0508061,153.274,0.0464783,73.3104,91.9012,0.0581237
5.20525e+10,60.6832,0.03131,0.0507911,152.723,0.046897,72.5161,93.5182,0.058537
5.21526e+10,61.5278,0.0308508,0.0507781,152.171,0.0473322,71.7114,95.137,0.058994
5.22527e+10,62.3631,0.0304087,0.050767,151.617,0.0477849,70.896,96.7586,0.0594951
5.23528e+10,63.1893,0.0299826,0.0507578,151.061,0.048256,70.0696,98.3842,0.0600409
5.24529e+10,64.0069,0.0295715,0.0507506,150.504,0.0487469,69.2317,100.015,0.0606323
5.2553e+10,64.8163,0.0291745,0.0507454,149.944,0.0492587,68.3819,101.652,0.0612703
5.26531e+10,65.6176,0.0287909,0.0507421,149.383,0.0497928,67.5197,103.296,0.0619561
5.27532e+10,66.4111,0.0284199,0.0507408,148.82,0.0503508,66.6448,104.949,0.062691
5.28533e+10,67.1973,0.0280608,0.0507416,148.255,0.0509344,65.7565,106.611,0.0634765
5.29534e+10,67.9762,0.0277129,0.0507444,147.688,0.0515453,64.8543,108.285,0.0643146
5.30535e+10,68.7482,0.0273758,0.0507493,147.119,0.0521856,63.9376,109.97,0.0652072
5.31536e+10,69.5135,0.0270488,0.0507563,146.548,0.0528577,63.0058,111.669,0.0661565
5.32537e+10,70.2723,0.0267314,0.0507653,145.975,0.0535639,62.0583,113.383,0.0671649
5.33538e+10,71.0248,0.0264231,0.0507765,145.4,0.054307,61.0942,115.112,0.0682353
5.34539e+10,71.7712,0.0261236,0.0507899,144.822,0.0550903,60.1128,116.86,0.0693707
5.3554e+10,72.5117,0.0258324,0.0508054,144.243,0.0559171,59.1132,118.626,0.0705744
5.36541e+10,73.2465,0.0255491,0.0508232,143.661,0.0567915,58.0946,120.413,0.0718499
5.37542e+10,73.9757,0.0252734,0.0508431,143.078,0.0577178,57.0557,122.221,0.0732014
5.38543e+10,74.6995,0.0250049,0.0508654,142.492,0.0587012,55.9957,124.054,0.0746333
5.39544e+10,75.4181,0.0247433,0.0508899,141.903,0.0597474,54.9131,125.913,0.0761503
5.40545e+10,76.1316,0.0244883,0.0509167,141.313,0.060863,53.8067,127.799,0.0777579
5.41546e+10,76.8401,0.0242397,0.0509459,140.72,0.0620558,52.6749,129.714,0.0794617
5.42547e+10,77.5439,0.0239971,0.0509775,140.124,0.0633346,51.5161,131.662,0.0812684
5.43548e+10,78.2429,0.0237603,0.0510115,139.526,0.0647098,50.3285,133.643,0.0831849
5.44549e+10,78.9373,0.0235291,0.0510479,138.926,0.0661936,49.1098,135.661,0.0852191
5.4555e+10,79.6274,0.0233033,0.0510869,138.323,0.0678007,47.8578,137.718,0.0873795
5.46551e+10,80.313,0.0230826,0.0511283,137.718,0.0695483,46.5698,139.816,0.0896758
5.47552e+10,80.9945,0.0228669,0.0511724,137.11,0.0714576,45.2426,141.96,0.0921184
5.48553e+10,81.6718,0.022656,0.051219,136.499,0.0735543,43.8728,144.152,0.094719
5.49554e+10,82.3451,0.0224497,0.0512683,135.886,0.0758701,42.4562,146.395,0.0974907
5.50555e+10,83.0145,0.0222478,0.0513202,135.27,0.078445,40.9879,148.694,0.100448
5.51556e+10,83.6801,0.0220501,0.0513749,134.651,0.08133,39.4622,151.052,0.103607
5.52557e+10,84.3419,0.0218566,0.0514324,134.03,0.084591,37.8722,153.475,0.106986
5.53558e+10,85.0001,0.0216671,0.0514927,133.405,0.0883157,36.2093,155.966,0.110605
5.54559e+10,85.6547,0.0214814,0.0515559,132.778,0.0926232,34.4631,158.532,0.114488
5.5556e+10,86.3059,0.0212994,0.0516221,132.147,0.0976799,32.6201,161.178,0.118659
5.56561e+10,86.9536,0.0211209,0.0516912,131.514,0.103728,30.6629,163.91,0.123149
5.57562e+10,87.598,0.020946,0.0517634,130.878,0.111134,28.5681,166.736,0.127991
5.58563e+10,88.2391,0.0207744,0.0518387,130.238,0.120489,26.3028,169.664,0.133222
5.59564e+10,88.877,0.020606,0.0519171,129.596,0.132819,23.8184,172.703,0.138887
5.60565e+10,89.5118,0.0204408,0.0519988,128.95,0.150108,21.0374,175.861,0.145036
5.61566e+10,90.1435,0.0202787,0.0520838,128.301,0.176878,17.8216,179.151,0.151726
5.62567e+10,90.7723,0.0201194,0.0521722,127.648,0.226832,13.8721,182.584,0.159025
5.63568e+10,91.3981,0.0199631,0.052264,126.993,0.383415,8.19231,186.175,0.16701
5.64569e+10,92.021,0.0198095,0.0523593,126.333,7.67075,0.408758,189.938,0.175776
5.6557e+10,92.6411,0.0196586,0.0524582,125.671,13.5864,0.230373,193.893,0.185428
5.66571e+10,93.2584,0.0195103,0.0525608,125.004,17.6254,0.177267,198.059,0.196097
5.67572e+10,93.8731,0.0193645,0.0526671,124.334,20.9034,0.149205,202.459,0.207937
5.68573e+10,94.485,0.0192213,0.0527773,123.661,23.7378,0.131158,207.121,0.221133
5.69574e+10,95.0944,0.0190804,0.0528914,122.984,26.2723,0.118297,212.077,0.23591
5.70575e+10,95.7012,0.0189418,0.0530096,122.302,28.5869,0.108528,217.363,0.252544
5.71576e+10,96.3055,0.0188055,0.0531319,121.617,30.7312,0.100778,223.022,0.271376
5.72577e+10,96.9074,0.0186714,0.0532584,120.928,32.7388,0.0944332,229.108,0.292831
5.73578e+10,97.5068,0.0185394,0.0533893,120.235,34.6335,0.0891114,235.681,0.317448
5.74579e+10,98.1038,0.0184095,0.0535247,119.538,36.4328,0.0845629,242.819,0.345916
5.7558e+10,98.6985,0.0182817,0.0536646,118.836,38.1502,0.0806156,250.612,0.37913
5.76581e+10,99.291,0.0181558,0.0538092,118.131,39.7964,0.0771468,259.177,0.418271
5.77582e+10,99.8811,0.0180319,0.0539587,117.421,41.3798,0.0740661,268.658,0.464928
5.78583e+10,100.469,0.0179098,0.0541131,116.706,42.9075,0.0713055,279.242,0.521283
5.79584e+10,101.055,0.0177895,0.0542726,115.987,44.3851,0.0688126,291.169,0.590406
5.80585e+10,101.639,0.0176711,0.0544374,115.263,45.8175,0.0665464,304.764,0.676741
5.81586e+10,102.22,0.0175543,0.0546076,114.535,47.2088,0.064474,320.468,0.786936
5.82587e+10,102.8,0.0174393,0.0547834,113.802,48.5626,0.062569,338.906,0.931355
5.83588e+10,103.377,0.0173259,0.0549649,113.064,49.8819,0.0608096,360.994,1.12696
5.84589e+10,103.952,0.0172142,0.0551524,112.32,51.1694,0.0591781,388.14,1.40329
5.8559e+10,104.526,0.017104,0.0553459,111.572,52.4273,0.0576594,422.649,1.81612
5.86591e+10,105.097,0.0169953,0.0555458,110.819,53.6579,0.056241,468.619,2.48277
5.87592e+10,105.667,0.0168882,0.0557521,110.06,54.8629,0.054912,534.248,3.69178
5.88593e+10,106.235,0.0167825,0.0559652,109.295,56.044,0.0536633,639.26,6.35117
5.89594e+10,106.801,0.0166783,0.0561853,108.525,57.2027,0.0524871,850.237,15.0193
5.90595e+10,107.365,0.0165754,0.0564125,107.75,58.3402,0.0513764,1781.8,140.608
5.91596e+10,107.927,0.0164739,0.0566472,106.968,59.4579,0.0503254,36.2239,1135.46
5.92597e+10,108.488,0.0163738,0.0568896,106.181,60.5568,0.0493287,9.74413,731.798
5.93598e+10,109.047,0.016275,0.0571401,105.387,61.6379,0.0483818,4.88713,580.09
5.94599e+10,109.604,0.0161774,0.0573988,104.587,62.7021,0.0474805,3.05105,494.515
5.956e+10,110.159,0.0160812,0.0576661,103.781,63.7504,0.0466213,2.13274,437.652
5.96601e+10,110.713,0.0159861,0.0579423,102.968,64.7834,0.0458009,1.5977,396.281
5.97602e+10,111.265,0.0158922,0.0582279,102.148,65.8018,0.0450165,1.25428,364.383
5.98603e+10,111.816,0.0157996,0.0585231,101.322,66.8065,0.0442654,1.01855,338.773
5.99604e+10,112.365,0.015708,0.0588283,100.488,67.7978,0.0435453,0.848578,317.588
6.00605e+10,112.912,0.0156176,0.059144,99.6469,68.7766,0.0428541,0.721302,299.654
6.01606e+10,113.458,0.0155283,0.0594707,98.7986,69.7431,0.0421899,0.623111,284.19
6.02607e+10,114.002,0.0154401,0.0598087,97.9425,70.6981,0.0415509,0.545504,270.655
6.03608e+10,114.545,0.015353,0.0601586,97.0786,71.6418,0.0409355,0.482927,258.659
6.04609e+10,115.086,0.0152669,0.060521,96.2066,72.5749,0.0403423,0.431614,247.913
6.0561e+10,115.626,0.0151818,0.0608963,95.3263,73.4976,0.03977,0.388932,238.2
6.06611e+10,116.165,0.0150977,0.0612853,94.4374,74.4103,0.0392174,0.352989,229.349
6.07612e+10,116.702,0.0150145,0.0616884,93.5397,75.3135,0.0386832,0.322395,221.227
6.08613e+10,117.238,0.0149324,0.0621066,92.633,76.2074,0.0381666,0.296109,213.729
6.09614e+10,117.772,0.0148512,0.0625404,91.7169,77.0925,0.0376665,0.273335,206.766
6.10615e+10,118.305,0.0147709,0.0629907,90.7912,77.9689,0.037182,0.253458,200.269
6.11615e+10,118.836,0.0146915,0.0634584,89.8556,78.8369,0.0367124,0.235997,194.178
6.12616e+10,119.367,0.014613,0.0639444,88.9097,79.697,0.0362569,0.220565,188.444
6.13617e+10,119.895,0.0145354,0.0644496,87.9532,80.5492,0.0358148,0.206857,183.026
6.14618e+10,120.423,0.0144586,0.0649752,86.9858,81.3939,0.0353854,0.194619,177.886
6.15619e+10,120.949,0.0143827,0.0655223,86.007,82.2312,0.0349681,0.183649,172.996
6.1662e+10,121.475,0.0143076,0.0660922,85.0166,83.0615,0.0345624,0.173775,168.328
6.17621e+10,121.998,0.0142333,0.0666863,84.014,83.8848,0.0341677,0.164858,163.859
6.18622e+10,122.521,0.0141598,0.0673059,82.9988,84.7015,0.0337835,0.156779,159.569
6.19623e+10,123.042,0.0140871,0.0679529,81.9706,85.5117,0.0334094,0.149438,155.441
6.20624e+10,123.563,0.0140151,0.0686288,80.9288,86.3155,0.0330448,0.142752,151.457
6.21625e+10,124.082,0.013944,0.0693358,79.8729,87.1133,0.0326895,0.136648,147.605
6.22626e+10,124.6,0.0138735,0.0700758,78.8024,87.905,0.032343,0.131065,143.871
6.23627e+10,125.116,0.0138038,0.0708513,77.7166,88.691,0.0320049,0.125949,140.244
6.24628e+10,125.632,0.0137348,0.0716647,76.6148,89.4712,0.031675,0.121255,136.714
6.25629e+10,126.146,0.0136665,0.072519,75.4964,90.246,0.0313528,0.116944,133.271
6.2663e+10,126.66,0.0135989,0.0734173,74.3606,91.0154,0.0310381,0.112982,129.906
6.27631e+10,127.172,0.013532,0.0743631,73.2066,91.7796,0.0307306,0.109338,126.612
6.28632e+10,127.683,0.0134657,0.0753604,72.0335,92.5387,0.03043,0.105987,123.38
6.29633e+10,128.193,0.0134002,0.0764134,70.8404,93.2928,0.030136,0.102906,120.204
6.30634e+10,128.702,0.0133352,0.0775272,69.6261,94.042,0.0298485,0.100077,117.078
6.31635e+10,129.21,0.0132709,0.0787073,68.3897,94.7865,0.0295671,0.0974818,113.994
6.32636e+10,129.717,0.0132072,0.0799599,67.1298,95.5263,0.0292917,0.095107,110.948
6.33637e+10,130.223,0.0131442,0.0812923,65.8451,96.2616,0.029022,0.0929404,107.933
6.34638e+10,130.728,0.0130817,0.0827126,64.5341,96.9925,0.0287579,0.0909719,104.943
6.35639e+10,131.232,0.0130199,0.0842303,63.1952,97.7191,0.0284991,0.0891937,101.974
6.3664e+10,131.735,0.0129586,0.0858562,61.8265,98.4414,0.0282455,0.0875996,99.0185
6.37641e+10,132.236,0.0128979,0.0876032,60.4261,99.1596,0.0279969,0.0861856,96.0722
6.38642e+10,132.737,0.0128378,0.0894859,58.9916,99.8737,0.0277532,0.0849496,93.129
6.39643e+10,133.237,0.0127783,0.091522,57.5205,100.584,0.0275141,0.0838915,90.1831
6.40644e+10,133.736,0.0127192,0.0937324,56.0099,101.29,0.0272795,0.0830139,87.2282
6.41645e+10,134.234,0.0126608,0.0961423,54.4565,101.993,0.0270494,0.0823218,84.2579
6.42646e+10,134.732,0.0126029,0.098782,52.8565,102.692,0.0268235,0.0818237,81.2649
6.43647e+10,135.228,0.0125455,0.101689,51.2056,103.387,0.0266017,0.081532,78.2417
6.44648e+10,135.723,0.0124886,0.10491,49.4986,104.078,0.0263839,0.0814639,75.1795
6.45649e+10,136.218,0.0124322,0.108503,47.7295,104.766,0.02617,0.0816431,72.0685
6.4665e+10,136.711,0.0123764,0.112545,45.8912,105.451,0.0259598,0.082102,68.8975
6.47651e+10,137.204,0.012321,0.117132,43.975,106.132,0.0257533,0.0828848,65.6533
6.48652e+10,137.696,0.0122662,0.122397,41.9701,106.81,0.0255504,0.0840524,62.3199
6.49653e+10,138.186,0.0122118,0.12852,39.8632,107.485,0.0253508,0.0856906,58.8778
6.50654e+10,138.676,0.0121579,0.135757,37.6371,108.156,0.0251547,0.0879231,55.3023
6.51655e+10,139.166,0.0121044,0.144484,35.2694,108.825,0.0249618,0.0909346,51.5613
6.52656e+10,139.654,0.0120515,0.155283,32.7291,109.49,0.024772,0.0950137,47.6114
6.53657e+10,140.142,0.0119989,0.169114,29.9726,110.153,0.0245854,0.10064,43.391
6.54658e+10,140.628,0.0119469,0.187697,26.9334,110.812,0.0244017,0.108681,38.8072
6.55659e+10,141.114,0.0118953,0.21453,23.5023,111.469,0.0242209,0.12091,33.7068
6.5666e+10,141.599,0.0118441,0.258233,19.4733,112.122,0.024043,0.141721,27.8014
6.57661e+10,142.084,0.0117933,0.349455,14.3521,112.773,0.0238679,0.186844,20.3959
6.58662e+10,142.567,0.011743,0.867897,5.76362,113.421,0.0236954,0.456537,8.07734
6.59663e+10,143.05,0.0116931,11.8834,0.419839,114.067,0.0235256,16.739,0.213268
6.60664e+10,143.532,0.0116436,17.7408,0.280488,114.709,0.0233583,24.8972,0.138868
6.61665e+10,144.013,0.0115945,22.1007,0.224568,115.349,0.0231936,30.8921,0.108438
6.62666e+10,144.494,0.0115458,25.7347,0.192355,115.987,0.0230312,35.8296,0.0906233
6.63667e+10,144.973,0.0114975,28.9176,0.170739,116.622,0.0228713,40.105,0.0785067
6.64668e+10,145.452,0.0114496,31.7852,0.154933,117.255,0.0227136,43.9143,0.0695486
6.65669e+10,145.931,0.0114021,34.4164,0.142718,117.885,0.0225583,47.3721,0.0625635
6.6667e+10,146.408,0.011355,36.8618,0.132907,118.512,0.0224051,50.5525,0.0569126
6.67671e+10,146.885,0.0113082,39.1563,0.124797,119.138,0.0222541,53.5066,0.0522161
6.68672e+10,147.361,0.0112619,41.325,0.117944,119.761,0.0221052,56.2714,0.0482317
6.69673e+10,147.836,0.0112158,43.3869,0.112052,120.381,0.0219583,58.875,0.0447965
6.70674e+10,148.311,0.0111702,45.3564,0.106912,121,0.0218135,61.3392,0.041796
6.71675e+10,148.785,0.0111249,47.2451,0.102377,121.616,0.0216706,63.6811,0.0391468
6.72676e+10,149.258,0.01108,49.0625,0.0983342,122.23,0.0215297,65.915,0.0367868
6.73677e+10,149.731,0.0110354,50.816,0.0947001,122.842,0.0213906,68.0523,0.0346685
6.74678e+10,150.203,0.0109911,52.5122,0.0914094,123.451,0.0212534,70.1027,0.0327546
6.75679e+10,150.674,0.0109472,54.1565,0.0884104,124.059,0.021118,72.0745,0.0310157
6.7668e+10,151.144,0.0109037,55.7533,0.085662,124.665,0.0209843,73.9747,0.0294278
6.77681e+10,151.614,0.0108604,57.3068,0.0831305,125.268,0.0208524,75.8094,0.0279714
6.78682e+10,152.084,0.0108175,58.8203,0.0807885,125.87,0.0207221,77.5838,0.0266306
6.79683e+10,152.552,0.010775,60.2969,0.078613,126.469,0.0205935,79.3027,0.0253918
6.80684e+10,153.02,0.0107327,61.7391,0.076585,127.067,0.0204665,80.9701,0.0242436
6.81685e+10,153.488,0.0106908,63.1495,0.0746882,127.662,0.0203411,82.5897,0.0231764
6.82686e+10,153.954,0.0106491,64.53,0.0729089,128.256,0.0202173,84.1648,0.0221819
6.83687e+10,154.42,0.0106078,65.8825,0.0712351,128.848,0.0200949,85.6982,0.0212529
6.84688e+10,154.886,0.0105668,67.2088,0.0696568,129.438,0.0199741,87.1926,0.0203833
6.85689e+10,155.351,0.0105261,68.5104,0.0681649,130.026,0.0198547,88.6504,0.0195677
6.8669e+10,155.815,0.0104856,69.7886,0.0667517,130.613,0.0197368,90.0737,0.0188012
6.87691e+10,156.278,0.0104455,71.0447,0.0654105,131.197,0.0196202,91.4646,0.0180796
6.88692e+10,156.742,0.0104057,72.2799,0.0641352,131.78,0.019505,92.8249,0.0173993
6.89693e+10,157.204,0.0103661,73.4952,0.0629204,132.361,0.0193912,94.1561,0.0167569
6.90694e+10,157.666,0.0103269,74.6916,0.0617615,132.941,0.0192787,95.4599,0.0161494
6.91695e+10,158.127,0.0102879,75.87,0.0606543,133.519,0.0191675,96.7376,0.0155743
6.92696e+10,158.588,0.0102492,77.0313,0.0595948,134.095,0.0190576,97.9905,0.0150291
6.93697e+10,159.048,0.0102107,78.1762,0.0585798,134.669,0.0189489,99.2199,0.0145116
6.94698e+10,159.507,0.0101726,79.3053,0.0576061,135.242,0.0188414,100.427,0.0140199
6.95699e+10,159.966,0.0101347,80.4195,0.056671,135.813,0.0187352,101.612,0.0135523
6.967e+10,160.425,0.0100971,81.5192,0.0557719,136.383,0.0186301,102.777,0.0131071
6.97701e+10,160.883,0.0100597,82.6051,0.0549066,136.951,0.0185262,103.923,0.0126828
6.98702e+10,161.34,0.0100226,83.6778,0.0540729,137.518,0.0184234,105.05,0.0122782
6.99703e+10,161.797,0.00998575,84.7376,0.0532689,138.083,0.0183218,106.159,0.0118919
7.00704e+10,162.253,0.00994915,85.7852,0.0524929,138.646,0.0182213,107.251,0.0115228
7.01705e+10,162.709,0.00991281,86.8209,0.0517432,139.209,0.0181218,108.326,0.01117
7.02706e+10,163.164,0.00987672,87.8452,0.0510184,139.769,0.0180234,109.386,0.0108323
7.03707e+10,163.619,0.00984086,88.8584,0.0503171,140.328,0.017926,110.43,0.0105091
7.04708e+10,164.073,0.00980526,89.861,0.049638,140.886,0.0178297,111.46,0.0101993
7.05709e+10,164.526,0.00976989,90.8533,0.04898,141.443,0.0177344,112.476,0.00990237
7.0671e+10,164.979,0.00973476,91.8357,0.048342,141.998,0.01764,113.479,0.00961748
7.07711e+10,165.432,0.00969986,92.8083,0.0477229,142.551,0.0175467,114.468,0.009344
7.08712e+10,165.884,0.0096652,93.7717,0.0471219,143.103,0.0174543,115.445,0.00908132
7.09713e+10,166.335,0.00963077,94.726,0.0465381,143.654,0.0173628,116.409,0.00882888
7.10714e+10,166.787,0.00959656,95.6715,0.0459706,144.204,0.0172723,117.362,0.00858615
7.11715e+10,167.237,0.00956259,96.6084,0.0454187,144.752,0.0171827,118.304,0.00835263
7.12716e+10,167.687,0.00952883,97.5372,0.0448817,145.299,0.017094,119.235,0.00812786
7.13717e+10,168.137,0.00949529,98.4578,0.0443589,145.845,0.0170061,120.155,0.00791141
7.14718e+10,168.586,0.00946197,99.3707,0.0438496,146.389,0.0169192,121.065,0.00770287
7.15719e+10,169.034,0.00942887,100.276,0.0433534,146.932,0.016833,121.965,0.00750186
7.1672e+10,169.483,0.00939598,101.174,0.0428696,147.474,0.0167478,122.856,0.00730803
7.17721e+10,169.93,0.00936331,102.065,0.0423978,148.015,0.0166633,123.737,0.00712104
7.18722e+10,170.377,0.00933084,102.948,0.0419374,148.554,0.0165797,124.61,0.00694057
7.19723e+10,170.824,0.00929858,103.825,0.041488,149.092,0.0164969,125.473,0.00676633
7.20724e+10,171.27,0.00926653,104.695,0.0410491,149.629,0.0164148,126.328,0.00659803
7.21725e+10,171.716,0.00923467,105.559,0.0406204,150.165,0.0163336,127.175,0.00643541
7.22725e+10,172.161,0.00920302,106.416,0.0402014,150.7,0.0162531,128.014,0.00627823
7.23726e+10,172.606,0.00917157,107.268,0.0397918,151.233,0.0161733,128.845,0.00612624
7.24727e+10,173.051,0.00914032,108.113,0.0393913,151.766,0.0160943,129.669,0.00597922
7.25728e+10,173.495,0.00910926,108.952,0.0389994,152.297,0.0160161,130.486,0.00583696
7.26729e+10,173.938,0.00907839,109.786,0.038616,152.827,0.0159385,131.295,0.00569927
7.2773e+10,174.381,0.00904772,110.614,0.0382406,153.356,0.0158617,132.097,0.00556594
7.28731e+10,174.824,0.00901723,111.436,0.037873,153.884,0.0157856,132.893,0.00543681
7.29732e+10,175.266,0.00898694,112.253,0.037513,154.411,0.0157101,133.682,0.00531171
7.30733e+10,175.708,0.00895682,113.065,0.0371603,154.937,0.0156354,134.465,0.00519046
7.31734e+10,176.149,0.0089269,113.872,0.0368146,155.461,0.0155613,135.241,0.00507292
7.32735e+10,176.59,0.00889715,114.674,0.0364758,155.985,0.0154878,136.012,0.00495895
7.33736e+10,177.031,0.00886759,115.47,0.0361435,156.508,0.0154151,136.776,0.00484839
7.34737e+10,177.471,0.0088382,116.263,0.0358176,157.029,0.0153429,137.535,0.00474113
7.35738e+10,177.911,0.00880899,117.05,0.0354979,157.55,0.0152714,138.288,0.00463703
7.36739e+10,178.35,0.00877996,117.832,0.0351841,158.07,0.0152006,139.036,0.00453598
7.3774e+10,178.789,0.0087511,118.611,0.0348762,158.588,0.0151303,139.778,0.00443786
7.38741e+10,179.227,0.00872241,119.384,0.0345739,159.106,0.0150606,140.516,0.00434256
7.39742e+10,179.665,0.00869389,120.154,0.034277,159.622,0.0149916,141.248,0.00424998
7.40743e+10,180.103,0.00866554,120.919,0.0339855,160.138,0.0149231,141.975,0.00416002
7.41744e+10,180.54,0.00863736,121.68,0.033699,160.653,0.0148552,142.697,0.00407258
7.42745e+10,180.977,0.00860935,122.437,0.0334176,161.166,0.0147879,143.415,0.00398758
7.43746e+10,181.414,0.0085815,123.189,0.033141,161.679,0.0147212,144.127,0.00390493
7.44747e+10,181.85,0.00855381,123.938,0.0328691,162.191,0.014655,144.836,0.00382454
7.45748e+10,182.285,0.00852628,124.683,0.0326018,162.702,0.0145894,145.54,0.00374634
7.46749e+10,182.721,0.00849892,125.425,0.0323389,163.212,0.0145243,146.239,0.00367025
7.4775e+10,183.156,0.00847171,126.162,0.0320804,163.721,0.0144597,146.935,0.0035962
7.48751e+10,183.59,0.00844465,126.896,0.0318261,164.229,0.0143957,147.626,0.00352412
7.49752e+10,184.024,0.00841776,127.626,0.0315758,164.737,0.0143322,148.313,0.00345394
7.50753e+10,184.458,0.00839102,128.353,0.0313296,165.243,0.0142693,148.996,0.0033856
7.51754e+10,184.892,0.00836443,129.076,0.0310873,165.749,0.0142068,149.675,0.00331904
7.52755e+10,185.325,0.00833799,129.795,0.0308487,166.253,0.0141448,150.351,0.0032542
7.53756e+10,185.757,0.0083117,130.512,0.0306139,166.757,0.0140834,151.023,0.00319102
7.54757e+10,186.19,0.00828556,131.225,0.0303826,167.26,0.0140224,151.691,0.00312945
7.55758e+10,186.622,0.00825957,131.935,0.0301548,167.762,0.0139619,152.355,0.00306943
7.56759e+10,187.053,0.00823372,132.641,0.0299305,168.263,0.0139019,153.016,0.00301093
7.5776e+10,187.484,0.00820802,133.345,0.0297095,168.764,0.0138424,153.674,0.00295388
7.58761e+10,187.915,0.00818246,134.045,0.0294918,169.264,0.0137833,154.328,0.00289825
7.59762e+10,188.346,0.00815705,134.742,0.0292772,169.762,0.0137247,154.979,0.00284399
7.60763e+10,188.776,0.00813177,135.437,0.0290657,170.26,0.0136665,155.627,0.00279106
7.61764e+10,189.206,0.00810664,136.128,0.0288573,170.758,0.0136088,156.271,0.00273941
7.62765e+10,189.635,0.00808164,136.817,0.0286519,171.254,0.0135516,156.912,0.00268901
7.63766e+10,190.064,0.00805678,137.502,0.0284493,171.75,0.0134948,157.551,0.00263982
7.64767e+10,190.493,0.00803206,138.185,0.0282495,172.245,0.0134384,158.186,0.0025918
7.65768e+10,190.922,0.00800748,138.865,0.0280525,172.739,0.0133824,158.818,0.00254492
7.66769e+10,191.35,0.00798302,139.542,0.0278583,173.232,0.0133269,159.448,0.00249914
7.6777e+10,191.778,0.0079587,140.217,0.0276666,173.725,0.0132718,160.074,0.00245443
7.68771e+10,192.205,0.00793451,140.889,0.0274775,174.216,0.0132171,160.698,0.00241077
7.69772e+10,192.632,0.00791045,141.558,0.027291,174.708,0.0131628,161.319,0.00236811
7.70773e+10,193.059,0.00788653,142.225,0.0271069,175.198,0.0131089,161.938,0.00232643
7.71774e+10,193.485,0.00786273,142.889,0.0269253,175.687,0.0130554,162.553,0.00228571
7.72775e+10,193.911,0.00783905,143.551,0.026746,176.176,0.0130023,163.166,0.00224591
7.73776e+10,194.337,0.00781551,144.21,0.026569,176.664,0.0129496,163.777,0.002207
7.74777e+10,194.763,0.00779209,144.867,0.0263943,177.152,0.0128973,164.385,0.00216897
7.75778e+10,195.188,0.00776879,145.521,0.0262219,177.639,0.0128454,164.991,0.00213179
7.76779e+10,195.613,0.00774561,146.173,0.0260516,178.125,0.0127938,165.594,0.00209544
7.7778e+10,196.037,0.00772256,146.823,0.0258834,178.61,0.0127426,166.195,0.00205988
7.78781e+10,196.462,0.00769963,147.47,0.0257173,179.095,0.0126918,166.793,0.00202511
7.79782e+10,196.885,0.00767682,148.115,0.0255533,179.579,0.0126414,167.389,0.00199109
7.80783e+10,197.309,0.00765413,148.758,0.0253913,180.062,0.0125913,167.983,0.00195782
7.81784e+10,197.732,0.00763156,149.399,0.0252312,180.544,0.0125415,168.575,0.00192526
7.82785e+10,198.155,0.0076091,150.038,0.0250731,181.026,0.0124922,169.164,0.0018934
7.83786e+10,198.578,0.00758677,150.674,0.0249169,181.508,0.0124431,169.751,0.00186221
7.84787e+10,199,0.00756454,151.308,0.0247625,181.988,0.0123944,170.336,0.0018317
7.85788e+10,199.423,0.00754243,151.94,0.02461,182.468,0.0123461,170.919,0.00180182
7.86789e+10,199.844,0.00752044,152.57,0.0244592,182.947,0.0122981,171.5,0.00177257
7.8779e+10,200.266,0.00749856,153.198,0.0243102,183.426,0.0122504,172.079,0.00174394
7.88791e+10,200.687,0.00747678,153.824,0.0241629,183.904,0.0122031,172.656,0.00171589
7.89792e+10,201.108,0.00745512,154.448,0.0240173,184.381,0.012156,173.231,0.00168843
7.90793e+10,201.528,0.00743358,155.071,0.0238734,184.858,0.0121093,173.804,0.00166154
7.91794e+10,201.949,0.00741213,155.691,0.0237311,185.334,0.012063,174.376,0.00163519
7.92795e+10,202.369,0.0073908,156.309,0.0235903,185.81,0.0120169,174.945,0.00160938
7.93796e+10,202.789,0.00736958,156.925,0.0234512,186.285,0.0119711,175.512,0.00158409
7.94797e+10,203.208,0.00734846,157.54,0.0233136,186.759,0.0119257,176.078,0.00155932
7.95798e+10,203.627,0.00732745,158.152,0.0231775,187.232,0.0118806,176.642,0.00153504
7.96799e+10,204.046,0.00730654,158.763,0.0230429,187.706,0.0118357,177.204,0.00151124
7.978e+10,204.465,0.00728574,159.372,0.0229098,188.178,0.0117912,177.764,0.00148792
7.98801e+10,204.883,0.00726504,159.979,0.0227781,188.65,0.011747,178.322,0.00146506
7.99802e+10,205.301,0.00724444,160.584,0.0226478,189.121,0.0117031,178.879,0.00144265
8.00803e+10,205.719,0.00722395,161.188,0.0225189,189.592,0.0116594,179.434,0.00142067
8.01804e+10,206.136,0.00720356,161.79,0.0223914,190.062,0.011616,179.988,0.00139913
8.02805e+10,206.554,0.00718326,162.39,0.0222652,190.532,0.011573,180.54,0.001378
8.03806e+10,206.971,0.00716307,162.989,0.0221403,191,0.0115302,181.09,0.00135728
8.04807e+10,207.387,0.00714298,163.586,0.0220168,191.469,0.0114877,181.639,0.00133696
8.05808e+10,207.804,0.00712298,164.181,0.0218945,191.937,0.0114454,182.186,0.00131703
8.06809e+10,208.22,0.00710308,164.775,0.0217735,192.404,0.0114035,182.732,0.00129747
8.0781e+10,208.636,0.00708328,165.367,0.0216537,192.871,0.0113618,183.276,0.00127829
8.08811e+10,209.051,0.00706357,165.957,0.0215351,193.337,0.0113204,183.818,0.00125947
8.09812e+10,209.467,0.00704396,166.546,0.0214177,193.803,0.0112792,184.36,0.001241
8.10813e+10,209.882,0.00702444,167.133,0.0213015,194.268,0.0112383,184.899,0.00122288
8.11814e+10,210.297,0.00700502,167.719,0.0211865,194.732,0.0111977,185.437,0.0012051
8.12815e+10,210.711,0.00698569,168.303,0.0210725,195.196,0.0111573,185.974,0.00118764
8.13816e+10,211.126,0.00696645,168.886,0.0209598,195.66,0.0111172,186.51,0.00117051
8.14817e+10,211.54,0.00694731,169.467,0.0208481,196.123,0.0110773,187.044,0.00115369
8.15818e+10,211.954,0.00692825,170.047,0.0207375,196.585,0.0110377,187.576,0.00113718
8.16819e+10,212.367,0.00690929,170.625,0.020628,197.047,0.0109983,188.108,0.00112097
8.1782e+10,212.781,0.00689042,171.202,0.0205195,197.508,0.0109592,188.638,0.00110505
8.18821e+10,213.194,0.00687163,171.778,0.0204121,197.969,0.0109203,189.166,0.00108942
8.19822e+10,213.607,0.00685293,172.352,0.0203057,198.43,0.0108817,189.694,0.00107407
8.20823e+10,214.019,0.00683433,172.924,0.0202003,198.89,0.0108433,190.22,0.001059
8.21824e+10,214.432,0.0068158,173.496,0.020096,199.349,0.0108051,190.745,0.00104419
8.22825e+10,214.844,0.00679737,174.066,0.0199925,199.808,0.0107672,191.268,0.00102965
8.23826e+10,215.256,0.00677902,174.634,0.0198901,200.266,0.0107295,191.791,0.00101536
8.24827e+10,215.667,0.00676076,175.201,0.0197886,200.724,0.010692,192.312,0.00100133
8.25828e+10,216.079,0.00674258,175.767,0.0196881,201.182,0.0106548,192.832,0.00098754
8.26829e+10,216.49,0.00672448,176.332,0.0195884,201.638,0.0106178,193.35,0.000973992
8.2783e+10,216.901,0.00670647,176.895,0.0194897,202.095,0.010581,193.868,0.00096068
8.28831e+10,217.311,0.00668855,177.457,0.0193919,202.551,0.0105444,194.384,0.000947599
8.29832e+10,217.722,0.0066707,178.018,0.0192949,203.006,0.010508,194.9,0.000934743
8.30833e+10,218.132,0.00665294,178.577,0.0191989,203.461,0.0104719,195.414,0.000922108
8.31834e+10,218.542,0.00663526,179.136,0.0191037,203.916,0.010436,195.927,0.000909689
8.32835e+10,218.952,0.00661765,179.693,0.0190093,204.37,0.0104003,196.439,0.000897482
8.33835e+10,219.361,0.00660013,180.248,0.0189158,204.824,0.0103648,196.949,0.000885482
8.34836e+10,219.77,0.00658269,180.803,0.0188231,205.277,0.0103295,197.459,0.000873685
8.35837e+10,220.18,0.00656533,181.356,0.0187312,205.729,0.0102945,197.968,0.000862086
8.36838e+10,220.588,0.00654805,181.908,0.0186401,206.182,0.0102596,198.475,0.000850682
8.37839e+10,220.997,0.00653084,182.459,0.0185499,206.633,0.0102249,198.982,0.000839469
8.3884e+10,221.405,0.00651371,183.009,0.0184604,207.085,0.0101905,199.487,0.000828443
8.39841e+10,221.814,0.00649666,183.558,0.0183716,207.536,0.0101562,199.992,0.000817599
8.40842e+10,222.221,0.00647968,184.105,0.0182837,207.986,0.0101221,200.495,0.000806935
8.41843e+10,222.629,0.00646279,184.652,0.0181964,208.436,0.0100883,200.998,0.000796446
8.42844e+10,223.037,0.00644596,185.197,0.0181099,208.886,0.0100546,201.499,0.000786129
8.43845e+10,223.444,0.00642921,185.741,0.0180242,209.335,0.0100211,202,0.00077598
8.44846e+10,223.851,0.00641254,186.284,0.0179392,209.784,0.00998785,202.499,0.000765997
8.45847e+10,224.258,0.00639594,186.826,0.0178549,210.232,0.00995476,202.998,0.000756176
8.46848e+10,224.665,0.00637941,187.367,0.0177712,210.68,0.00992186,203.495,0.000746513
8.47849e+10,225.071,0.00636296,187.906,0.0176883,211.127,0.00988914,203.992,0.000737006
8.4885e+10,225.477,0.00634657,188.445,0.0176061,211.574,0.00985661,204.488,0.000727652
8.49851e+10,225.883,0.00633026,188.983,0.0175245,212.021,0.00982426,204.983,0.000718447
8.50852e+10,226.289,0.00631402,189.519,0.0174436,212.467,0.00979209,205.477,0.000709388
8.51853e+10,226.695,0.00629786,190.055,0.0173634,212.913,0.00976011,205.97,0.000700473
8.52854e+10,227.1,0.00628176,190.59,0.0172838,213.358,0.0097283,206.462,0.0006917
8.53855e+10,227.505,0.00626573,191.123,0.0172049,213.803,0.00969668,206.953,0.000683064
8.54856e+10,227.91,0.00624977,191.656,0.0171266,214.248,0.00966523,207.443,0.000674564
8.55857e+10,228.315,0.00623389,192.187,0.0170489,214.692,0.00963395,207.933,0.000666197
8.56858e+10,228.719,0.00621807,192.718,0.0169719,215.136,0.00960284,208.422,0.00065796
8.57859e+10,229.124,0.00620231,193.247,0.0168954,215.579,0.00957191,208.909,0.000649852
8.5886e+10,229.528,0.00618663,193.776,0.0168196,216.022,0.00954115,209.396,0.000641868
8.59861e+10,229.932,0.00617101,194.303,0.0167444,216.465,0.00951056,209.883,0.000634008
8.60862e+10,230.336,0.00615547,194.83,0.0166697,216.907,0.00948013,210.368,0.000626269
8.61863e+10,230.739,0.00613998,195.356,0.0165956,217.349,0.00944988,210.853,0.000618649
8.62864e+10,231.143,0.00612457,195.881,0.0165222,217.79,0.00941978,211.336,0.000611145
8.63865e+10,231.546,0.00610921,196.404,0.0164492,218.231,0.00938985,211.819,0.000603754
8.64866e+10,231.949,0.00609393,196.927,0.0163769,218.672,0.00936008,212.301,0.000596477
8.65867e+10,232.351,0.00607871,197.449,0.0163051,219.112,0.00933048,212.783,0.000589309
8.66868e+10,232.754,0.00606355,197.97,0.0162338,219.552,0.00930103,213.263,0.000582249
8.67869e+10,233.156,0.00604846,198.491,0.0161631,219.992,0.00927174,213.743,0.000575295
8.6887e+10,233.559,0.00603343,199.01,0.0160929,220.431,0.00924261,214.222,0.000568445
8.69871e+10,233.96,0.00601846,199.528,0.0160233,220.87,0.00921363,214.701,0.000561697
8.70872e+10,234.362,0.00600356,200.046,0.0159542,221.308,0.00918481,215.178,0.00055505
8.71873e+10,234.764,0.00598872,200.562,0.0158856,221.746,0.00915614,215.655,0.000548501
8.72874e+10,235.165,0.00597394,201.078,0.0158175,222.184,0.00912762,216.131,0.000542049
8.73875e+10,235.567,0.00595922,201.593,0.0157499,222.621,0.00909925,216.607,0.000535691
8.74876e+10,235.968,0.00594457,202.107,0.0156828,223.058,0.00907104,217.081,0.000529428
8.75877e+10,236.368,0.00592997,202.62,0.0156162,223.495,0.00904297,217.555,0.000523255
8.76878e+10,236.769,0.00591544,203.133,0.0155502,223.931,0.00901505,218.029,0.000517173
8.77879e+10,237.17,0.00590096,203.644,0.0154845,224.367,0.00898727,218.501,0.000511179
8.7888e+10,237.57,0.00588655,204.155,0.0154194,224.803,0.00895964,218.973,0.000505272
8.79881e+10,237.97,0.00587219,204.665,0.0153548,225.238,0.00893216,219.444,0.00049945
8.80882e+10,238.37,0.00585789,205.174,0.0152906,225.673,0.00890481,219.915,0.000493712
8.81883e+10,238.77,0.00584366,205.682,0.0152268,226.107,0.00887761,220.385,0.000488057
8.82884e+10,239.169,0.00582948,206.19,0.0151636,226.541,0.00885055,220.854,0.000482482
8.83885e+10,239.569,0.00581535,206.697,0.0151008,226.975,0.00882363,221.322,0.000476987
8.84886e+10,239.968,0.00580129,207.203,0.0150384,227.409,0.00879684,221.79,0.00047157
8.85887e+10,240.367,0.00578728,207.708,0.0149765,227.842,0.0087702,222.258,0.00046623
8.86888e+10,240.766,0.00577333,208.212,0.014915,228.275,0.00874369,222.724,0.000460965
8.87889e+10,241.165,0.00575944,208.716,0.014854,228.707,0.00871731,223.19,0.000455774
8.8889e+10,241.563,0.0057456,209.219,0.0147933,229.14,0.00869107,223.655,0.000450657
8.89891e+10,241.961,0.00573182,209.721,0.0147331,229.571,0.00866497,224.12,0.000445611
8.90892e+10,242.36,0.00571809,210.222,0.0146734,230.003,0.00863899,224.584,0.000440635
8.91893e+10,242.758,0.00570442,210.723,0.014614,230.434,0.00861315,225.048,0.000435729
8.92894e+10,243.155,0.00569081,211.222,0.0145551,230.865,0.00858743,225.511,0.000430891
8.93895e+10,243.553,0.00567724,211.722,0.0144965,231.296,0.00856185,225.973,0.000426119
8.94896e+10,243.951,0.00566374,212.22,0.0144384,231.726,0.00853639,226.435,0.000421414
8.95897e+10,244.348,0.00565028,212.718,0.0143807,232.156,0.00851106,226.896,0.000416773
8.96898e+10,244.745,0.00563688,213.215,0.0143233,232.585,0.00848586,227.356,0.000412196
8.97899e+10,245.142,0.00562354,213.711,0.0142664,233.015,0.00846078,227.816,0.000407681
8.989e+10,245.539,0.00561024,214.206,0.0142098,233.444,0.00843583,228.275,0.000403228
8.99901e+10,245.936,0.005597,214.701,0.0141536,233.872,0.008411,228.734,0.000398836
9.00902e+10,246.332,0.00558381,215.195,0.0140978,234.301,0.0083863,229.192,0.000394503
9.01903e+10,246.728,0.00557068,215.689,0.0140424,234.729,0.00836171,229.65,0.000390229
9.02904e+10,247.124,0.00555759,216.181,0.0139873,235.157,0.00833725,230.107,0.000386012
9.03905e+10,247.52,0.00554456,216.674,0.0139327,235.584,0.0083129,230.564,0.000381852
9.04906e+10,247.916,0.00553157,217.165,0.0138783,236.011,0.00828868,231.02,0.000377747
9.05907e+10,248.312,0.00551864,217.656,0.0138244,236.438,0.00826457,231.475,0.000373698
9.06908e+10,248.707,0.00550576,218.146,0.0137708,236.865,0.00824058,231.93,0.000369702
9.07909e+10,249.103,0.00549293,218.635,0.0137175,237.291,0.00821671,232.384,0.00036576
9.0891e+10,249.498,0.00548015,219.124,0.0136646,237.717,0.00819295,232.838,0.00036187
9.09911e+10,249.893,0.00546741,219.612,0.0136121,238.143,0.00816931,233.291,0.000358031
9.10912e+10,250.288,0.00545473,220.099,0.0135598,238.568,0.00814579,233.744,0.000354242
9.11913e+10,250.683,0.0054421,220.586,0.013508,238.993,0.00812237,234.196,0.000350504
9.12914e+10,251.077,0.00542951,221.072,0.0134564,239.418,0.00809907,234.648,0.000346814
9.13915e+10,251.471,0.00541698,221.558,0.0134052,239.842,0.00807588,235.099,0.000343173
9.14916e+10,251.866,0.00540449,222.043,0.0133544,240.267,0.0080528,235.55,0.000339579
9.15917e+10,252.26,0.00539205,222.527,0.0133038,240.691,0.00802983,236,0.000336032
9.16918e+10,252.654,0.00537966,223.011,0.0132536,241.114,0.00800697,236.45,0.000332531
9.17919e+10,253.047,0.00536731,223.494,0.0132037,241.538,0.00798422,236.899,0.000329075
9.1892e+10,253.441,0.00535501,223.976,0.0131541,241.961,0.00796158,237.348,0.000325663
9.19921e+10,253.835,0.00534276,224.458,0.0131048,242.384,0.00793904,237.796,0.000322296
9.20922e+10,254.228,0.00533056,224.939,0.0130559,242.806,0.00791661,238.244,0.000318971
9.21923e+10,254.621,0.0053184,225.42,0.0130072,243.228,0.00789428,238.691,0.000315689
9.22924e+10,255.014,0.00530629,225.9,0.0129589,243.65,0.00787206,239.138,0.000312449
9.23925e+10,255.407,0.00529422,226.379,0.0129108,244.072,0.00784995,239.584,0.00030925
9.24926e+10,255.8,0.0052822,226.858,0.0128631,244.494,0.00782794,240.03,0.000306092
9.25927e+10,256.192,0.00527023,227.336,0.0128157,244.915,0.00780603,240.475,0.000302973
9.26928e+10,256.585,0.0052583,227.814,0.0127685,245.336,0.00778422,240.92,0.000299894
9.27929e+10,256.977,0.00524641,228.291,0.0127217,245.756,0.00776251,241.365,0.000296854
9.2893e+10,257.369,0.00523457,228.768,0.0126751,246.177,0.00774091,241.809,0.000293852
9.29931e+10,257.761,0.00522277,229.244,0.0126288,246.597,0.0077194,242.252,0.000290887
9.30932e+10,258.153,0.00521102,229.719,0.0125828,247.017,0.00769799,242.696,0.00028796
9.31933e+10,258.545,0.00519931,230.194,0.0125371,247.436,0.00767669,243.138,0.000285069
9.32934e+10,258.936,0.00518765,230.668,0.0124916,247.856,0.00765548,243.58,0.000282213
9.33935e+10,259.327,0.00517603,231.142,0.0124465,248.275,0.00763436,244.022,0.000279394
9.34936e+10,259.719,0.00516445,231.615,0.0124016,248.693,0.00761335,244.464,0.000276609
9.35937e+10,260.11,0.00515291,232.088,0.012357,249.112,0.00759243,244.905,0.000273858
9.36938e+10,260.501,0.00514142,232.56,0.0123126,249.53,0.0075716,245.345,0.000271141
9.37939e+10,260.892,0.00512997,233.031,0.0122686,249.948,0.00755087,245.785,0.000268458
9.3894e+10,261.282,0.00511856,233.502,0.0122247,250.366,0.00753023,246.225,0.000265807
9.39941e+10,261.673,0.00510719,233.973,0.0121812,250.784,0.00750969,246.664,0.000263188
9.40942e+10,262.063,0.00509587,234.443,0.0121379,251.201,0.00748924,247.103,0.000260602
9.41943e+10,262.454,0.00508459,234.912,0.0120948,251.618,0.00746888,247.541,0.000258047
9.42944e+10,262.844,0.00507334,235.381,0.0120521,252.035,0.00744861,247.979,0.000255523
9.43945e+10,263.234,0.00506214,235.85,0.0120095,252.451,0.00742844,248.417,0.000253029
9.44945e+10,263.624,0.00505098,236.318,0.0119673,252.868,0.00740835,248.854,0.000250565
9.45946e+10,264.013,0.00503986,236.785,0.0119252,253.284,0.00738836,249.291,0.000248131
9.46947e+10,264.403,0.00502878,237.252,0.0118834,253.699,0.00736845,249.727,0.000245726
9.47948e+10,264.792,0.00501775,237.718,0.0118419,254.115,0.00734863,250.163,0.00024335
9.48949e+10,265.182,0.00500675,238.184,0.0118006,254.53,0.0073289,250.599,0.000241002
9.4995e+10,265.571,0.00499579,238.649,0.0117595,254.945,0.00730926,251.034,0.000238683
9.50951e+10,265.96,0.00498487,239.114,0.0117187,255.36,0.0072897,251.469,0.00023639
9.51952e+10,266.349,0.00497399,239.579,0.0116781,255.775,0.00727023,251.903,0.000234125
9.52953e+10,266.738,0.00496315,240.042,0.0116378,256.189,0.00725085,252.337,0.000231887
9.53954e+10,267.126,0.00495234,240.506,0.0115977,256.603,0.00723155,252.771,0.000229675
9.54955e+10,267.515,0.00494158,240.969,0.0115578,257.017,0.00721234,253.204,0.000227489
9.55956e+10,267.903,0.00493086,241.431,0.0115181,257.431,0.00719321,253.637,0.000225328
9.56957e+10,268.291,0.00492017,241.893,0.0114787,257.845,0.00717416,254.069,0.000223193
9.57958e+10,268.679,0.00490952,242.355,0.0114395,258.258,0.0071552,254.501,0.000221083
9.58959e+10,269.067,0.00489891,242.816,0.0114005,258.671,0.00713632,254.933,0.000218998
9.5996e+10,269.455,0.00488834,243.276,0.0113617,259.084,0.00711752,255.365,0.000216936
9.60961e+10,269.843,0.0048778,243.736,0.0113231,259.496,0.0070988,255.796,0.000214899
9.61962e+10,270.231,0.0048673,244.196,0.0112848,259.908,0.00708016,256.226,0.000212885
9.62963e+10,270.618,0.00485684,244.655,0.0112467,260.32,0.00706161,256.657,0.000210895
9.63964e+10,271.005,0.00484642,245.114,0.0112088,260.732,0.00704313,257.087,0.000208927
9.64965e+10,271.393,0.00483603,245.572,0.0111711,261.144,0.00702473,257.516,0.000206982
9.65966e+10,271.78,0.00482568,246.03,0.0111336,261.555,0.00700642,257.946,0.000205059
9.66967e+10,272.167,0.00481537,246.487,0.0110963,261.967,0.00698818,258.375,0.000203158
9.67968e+10,272.554,0.00480509,246.944,0.0110593,262.378,0.00697002,258.803,0.000201279
9.68969e+10,272.94,0.00479485,247.4,0.0110224,262.788,0.00695193,259.231,0.000199421
9.6997e+10,273.327,0.00478464,247.856,0.0109857,263.199,0.00693393,259.659,0.000197584
9.70971e+10,273.713,0.00477447,248.312,0.0109493,263.609,0.006916,260.087,0.000195768
9.71972e+10,274.1,0.00476434,248.767,0.010913,264.019,0.00689814,260.514,0.000193973
9.72973e+10,274.486,0.00475424,249.222,0.010877,264.429,0.00688036,260.941,0.000192198
9.73974e+10,274.872,0.00474417,249.676,0.0108411,264.839,0.00686266,261.367,0.000190443
9.74975e+10,275.258,0.00473414,250.13,0.0108054,265.248,0.00684503,261.794,0.000188707
9.75976e+10,275.644,0.00472415,250.583,0.01077,265.658,0.00682748,262.22,0.000186991
9.76977e+10,276.03,0.00471418,251.036,0.0107347,266.067,0.00680999,262.645,0.000185294
9.77978e+10,276.415,0.00470426,251.489,0.0106996,266.475,0.00679259,263.07,0.000183617
9.78979e+10,276.801,0.00469437,251.941,0.0106647,266.884,0.00677525,263.495,0.000181957
9.7998e+10,277.186,0.00468451,252.392,0.01063,267.292,0.00675799,263.92,0.000180316
9.80981e+10,277.572,0.00467468,252.844,0.0105954,267.701,0.0067408,264.344,0.000178694
9.81982e+10,277.957,0.00466489,253.295,0.0105611,268.109,0.00672368,264.768,0.000177089
9.82983e+10,278.342,0.00465514,253.745,0.0105269,268.517,0.00670663,265.192,0.000175502
9.83984e+10,278.727,0.00464541,254.195,0.0104929,268.924,0.00668965,265.615,0.000173932
9.84985e+10,279.111,0.00463572,254.645,0.0104591,269.332,0.00667275,266.038,0.00017238
9.85986e+10,279.496,0.00462607,255.094,0.0104255,269.739,0.00665591,266.461,0.000170845
9.86987e+10,279.881,0.00461644,255.543,0.0103921,270.146,0.00663914,266.883,0.000169326
9.87988e+10,280.265,0.00460685,255.992,0.0103588,270.552,0.00662244,267.305,0.000167824
9.88989e+10,280.649,0.00459729,256.44,0.0103257,270.959,0.00660581,267.727,0.000166338
9.8999e+10,281.034,0.00458777,256.887,0.0102928,271.365,0.00658925,268.149,0.000164869
9.90991e+10,281.418,0.00457827,257.335,0.01026,271.772,0.00657276,268.57,0.000163415
9.91992e+10,281.802,0.00456881,257.782,0.0102275,272.178,0.00655633,268.991,0.000161977
9.92993e+10,282.186,0.00455938,258.228,0.0101951,272.583,0.00653997,269.411,0.000160555
9.93994e+10,282.569,0.00454998,258.674,0.0101628,272.989,0.00652368,269.831,0.000159148
9.94995e+10,282.953,0.00454061,259.12,0.0101307,273.395,0.00650745,270.252,0.000157756
9.95996e+10,283.337,0.00453128,259.565,0.0100988,273.8,0.00649129,270.671,0.000156379
9.96997e+10,283.72,0.00452197,260.01,0.0100671,274.205,0.00647519,271.091,0.000155016
9.97998e+10,284.103,0.0045127,260.455,0.0100355,274.61,0.00645916,271.51,0.000153669
9.98999e+10,284.487,0.00450346,260.899,0.0100041,275.014,0.00644319,271.929,0.000152335
1e+11,284.87,0.00449425,261.343,0.00997284,275.419,0.00642729,272.347,0.000151016
