z,Ex,Ey,Ez,Bx,By,Bz,Jx,Jy,Jz
0,0.00965938,0.00778267,0,0,0,0,0.0136915,-0.00302037,0
0.001001,0,0,0,1.26025e-10,2.21844e-10,-2.21844e-10,0,0,0
0.002002,0.0107322,-0.0172411,0,0,0,0,-0.0139104,0.00304571,0
0.003003,0,0,0,-5.59451e-11,-1.77087e-10,1.77087e-10,0,0,0
0.004004,-0.04656,0.0305632,0,0,0,0,0.00623422,-0.00470439,0
0.00500501,0,0,0,2.65679e-11,1.26304e-10,-1.26304e-10,0,0,0
0.00600601,0.0662395,-0.0332433,0,0,0,0,-0.000647227,0.000478324,0
0.00700701,0,0,0,6.22816e-11,3.61155e-11,-3.61155e-11,0,0,0
0.00800801,-0.062212,0.0242866,0,0,0,0,-0.00153015,0.00166998,0
0.00900901,0,0,0,-8.45321e-11,-1.27028e-10,1.27028e-10,0,0,0
0.01001,0.0363713,-0.00655247,0,0,0,0,0.00534796,-0.00295309,0
0.011011,0,0,0,1.21847e-10,2.24847e-10,-2.24847e-10,0,0,0
0.012012,0.00187926,-0.0133884,0,0,0,0,-0.00534815,0.00379036,0
0.013013,0,0,0,-6.90951e-11,-1.95662e-10,1.95662e-10,0,0,0
0.014014,-0.0393789,0.0282666,0,0,0,0,0.00517719,-0.000518543,0
0.015015,0,0,0,4.56213e-11,1.40292e-10,-1.40292e-10,0,0,0
0.016016,0.0622556,-0.0337119,0,0,0,0,-0.00471768,0.00196168,0
0.017017,0,0,0,6.0104e-11,9.39205e-12,-9.39205e-12,0,0,0
0.018018,-0.0626261,0.0259123,0,0,0,0,-0.00381104,0.000622092,0
0.019019,0,0,0,-6.92469e-11,-9.233e-11,9.233e-11,0,0,0
0.02002,0.0417217,-0.0101035,0,0,0,0,0.0020977,-0.00521625,0
0.021021,0,0,0,1.22865e-10,2.23546e-10,-2.23546e-10,0,0,0
0.022022,-0.00464631,-0.0100742,0,0,0,0,-0.00572142,-0.000454549,0
0.023023,0,0,0,-8.34343e-11,-1.75508e-10,1.75508e-10,0,0,0
0.024024,-0.031576,0.0267296,0,0,0,0,0.00772121,-0.00501901,0
0.025025,0,0,0,3.53106e-11,1.60569e-10,-1.60569e-10,0,0,0
0.026026,0.0572448,-0.0327299,0,0,0,0,0.000259949,0.000426206,0
0.027027,0,0,0,2.65298e-11,-1.11616e-11,1.11616e-11,0,0,0
0.028028,-0.0612848,0.0282756,0,0,0,0,0.00228536,0.00276018,0
0.029029,0,0,0,-8.18165e-11,-8.99346e-11,8.99346e-11,0,0,0
0.03003,0.0424113,-0.0125568,0,0,0,0,0.00439478,0.000728685,0
0.031031,0,0,0,1.19302e-10,1.84848e-10,-1.84848e-10,0,0,0
0.032032,-0.00941108,-0.00775486,0,0,0,0,-0.00704548,0.00618277,0
0.033033,0,0,0,-7.62554e-11,-1.8953e-10,1.8953e-10,0,0,0
0.034034,-0.0276453,0.0241169,0,0,0,0,0.00202712,-0.000852066,0
0.035035,0,0,0,6.86789e-11,1.5708e-10,-1.5708e-10,0,0,0
0.036036,0.0538917,-0.0340894,0,0,0,0,-0.00712561,0.000832966,0
0.037037,0,0,0,4.18529e-11,-8.13936e-12,8.13936e-12,0,0,0
0.038038,-0.0587761,0.029073,0,0,0,0,-0.00349276,-0.00158889,0
0.039039,0,0,0,-6.15277e-11,-5.18067e-11,5.18067e-11,0,0,0
0.04004,0.0442255,-0.0159665,0,0,0,0,0.00140242,-0.00589242,0
0.041041,0,0,0,1.16545e-10,2.09614e-10,-2.09614e-10,0,0,0
0.042042,-0.0098409,-0.00444367,0,0,0,0,-0.00550192,-0.000806193,0
0.043043,0,0,0,-1.01589e-10,-1.53859e-10,1.53859e-10,0,0,0
0.044044,-0.0238724,0.0229339,0,0,0,0,0.00651957,-0.00611395,0
0.045045,0,0,0,4.50052e-11,1.75852e-10,-1.75852e-10,0,0,0
0.046046,0.0520376,-0.0321112,0,0,0,0,-0.00102554,-0.000859986,0
0.047047,0,0,0,-6.00689e-12,-8.03824e-12,8.03824e-12,0,0,0
0.048048,-0.0569101,0.0315192,0,0,0,0,0.00238376,-0.000636363,0
0.049049,0,0,0,-8.80455e-11,-5.64172e-11,5.64172e-11,0,0,0
0.0500501,0.0425413,-0.0170099,0,0,0,0,0.00519159,-0.00220983,0
0.0510511,0,0,0,8.63561e-11,1.80357e-10,-1.80357e-10,0,0,0
0.0520521,-0.0106572,-0.000869977,0,0,0,0,-0.00370089,0.00344187,0
0.0530531,0,0,0,-1.16679e-10,-1.69735e-10,1.69735e-10,0,0,0
0.0540541,-0.0236742,0.0205715,0,0,0,0,0.0056523,-0.0022556,0
0.0550551,0,0,0,4.41675e-11,1.43145e-10,-1.43145e-10,0,0,0
0.0560561,0.0483852,-0.0301139,0,0,0,0,-0.00275342,0.00179903,0
0.0570571,0,0,0,-1.14527e-11,-2.11283e-11,2.11283e-11,0,0,0
0.0580581,-0.0532318,0.0301234,0,0,0,0,-9.38737e-05,0.000121194,0
0.0590591,0,0,0,-7.53097e-11,-6.84773e-11,6.84773e-11,0,0,0
0.0600601,0.0371685,-0.0172689,0,0,0,0,0.00326139,-0.00235433,0
0.0610611,0,0,0,8.06089e-11,1.60834e-10,-1.60834e-10,0,0,0
0.0620621,-0.00705255,4.72178e-05,0,0,0,0,-0.00415626,0.00216014,0
0.0630631,0,0,0,-1.07701e-10,-1.55366e-10,1.55366e-10,0,0,0
0.0640641,-0.0243874,0.0180362,0,0,0,0,0.00517824,-0.00303039,0
0.0650651,0,0,0,3.75457e-11,1.10976e-10,-1.10976e-10,0,0,0
0.0660661,0.0437429,-0.0266791,0,0,0,0,-0.00112044,0.00125135,0
0.0670671,0,0,0,-1.39879e-11,-1.07879e-11,1.07879e-11,0,0,0
0.0680681,-0.0447025,0.0262065,0,0,0,0,0.000533542,0.000606441,0
0.0690691,0,0,0,-6.90596e-11,-8.3374e-11,8.3374e-11,0,0,0
0.0700701,0.0260785,-0.0143092,0,0,0,0,0.00389737,-0.000859532,0
0.0710711,0,0,0,6.90314e-11,1.26721e-10,-1.26721e-10,0,0,0
0.0720721,-2.5493e-05,-0.00117866,0,0,0,0,-0.00341514,0.00354315,0
0.0730731,0,0,0,-8.33253e-11,-1.30286e-10,1.30286e-10,0,0,0
0.0740741,-0.0250645,0.0152727,0,0,0,0,0.00297064,-0.000722233,0
0.0750751,0,0,0,3.50762e-11,5.66205e-11,-5.66205e-11,0,0,0
0.0760761,0.0345025,-0.0221958,0,0,0,0,-0.00179285,0.00217615,0
0.0770771,0,0,0,5.97823e-12,7.97604e-12,-7.97604e-12,0,0,0
0.0780781,-0.029925,0.0188724,0,0,0,0,-0.00234621,0.00122829,0
0.0790791,0,0,0,-4.30662e-11,-7.73187e-11,7.73187e-11,0,0,0
0.0800801,0.0119852,-0.0101183,0,0,0,0,0.000844925,-0.00109499,0
0.0810811,0,0,0,6.44242e-11,9.16841e-11,-9.16841e-11,0,0,0
0.0820821,0.00630638,-0.00305429,0,0,0,0,-0.00420044,0.00141029,0
0.0830831,0,0,0,-4.74334e-11,-6.3687e-11,6.3687e-11,0,0,0
0.0840841,-0.0183282,0.0109247,0,0,0,0,-8.99532e-05,-0.00232851,0
0.0850851,0,0,0,2.63181e-11,2.91774e-11,-2.91774e-11,0,0,0
0.0860861,0.0195795,-0.0154534,0,0,0,0,-0.00137165,-0.000960814,0
0.0870871,0,0,0,5.69194e-12,2.87541e-11,-2.87541e-11,0,0,0
0.0880881,-0.0125964,0.0119173,0,0,0,0,-0.00151393,-0.00156338,0
0.0890891,0,0,0,-3.32521e-11,-2.66609e-11,2.66609e-11,0,0,0
0.0900901,0.00444859,-0.00666188,0,0,0,0,0.00100264,-0.00291639,0
0.0910911,0,0,0,2.91929e-11,4.77987e-11,-4.77987e-11,0,0,0
0.0920921,0.0016952,-0.000658634,0,0,0,0,-0.000402648,-0.000906752,0
0.0930931,0,0,0,-4.66326e-11,-1.76985e-11,1.76985e-11,0,0,0
0.0940941,-0.00391605,0.00593299,0,0,0,0,0.00172168,-0.00262434,0
0.0950951,0,0,0,6.30292e-12,2.74039e-11,-2.74039e-11,0,0,0
0.0960961,0.00572383,-0.00945137,0,0,0,0,0.000904183,-0.000743027,0
0.0970971,0,0,0,-2.28501e-11,-1.37901e-11,1.37901e-11,0,0,0
0.0980981,-0.00936589,0.0103417,0,0,0,0,0.0021519,-0.000850108,0
0.0990991,0,0,0,-3.30913e-11,2.95544e-12,-2.95544e-12,0,0,0
0.1001,0.0116125,-0.00822785,0,0,0,0,0.00180494,-0.000704879,0
0.101101,0,0,0,1.28784e-11,1.36873e-11,-1.36873e-11,0,0,0
0.102102,-0.0110906,0.00254272,0,0,0,0,0.000822212,0.00122617,0
0.103103,0,0,0,-5.5391e-11,-5.92321e-11,5.92321e-11,0,0,0
0.104104,0.000241063,0.00462144,0,0,0,0,0.00305981,-0.000374494,0
0.105105,0,0,0,1.66105e-11,4.40761e-11,-4.40761e-11,0,0,0
0.106106,0.0114837,-0.0122126,0,0,0,0,-0.000502246,0.00187723,0
0.107107,0,0,0,-1.49919e-11,-5.00142e-11,5.00142e-11,0,0,0
0.108108,-0.0226604,0.0125774,0,0,0,0,0.00118524,0.0012853,0
0.109109,0,0,0,-3.21686e-11,-3.88129e-11,3.88129e-11,0,0,0
0.11011,0.0169341,-0.0090555,0,0,0,0,0.00144041,0.000479887,0
0.111111,0,0,0,4.51334e-11,4.929e-11,-4.929e-11,0,0,0
0.112112,-0.00309695,-0.00372466,0,0,0,0,-0.00238815,0.0027334,0
0.113113,0,0,0,-3.83075e-11,-9.36385e-11,9.36385e-11,0,0,0
0.114114,-0.0173955,0.010299,0,0,0,0,0.00143396,0.000124129,0
0.115115,0,0,0,1.80895e-11,1.51823e-11,-1.51823e-11,0,0,0
0.116116,0.0231152,-0.016134,0,0,0,0,-0.000974196,0.00114175,0
0.117117,0,0,0,3.39776e-11,1.73118e-11,-1.73118e-11,0,0,0
0.118118,-0.0158959,0.00628479,0,0,0,0,-0.00242105,0.00163941,0
0.119119,0,0,0,-3.14029e-11,-8.15202e-11,8.15202e-11,0,0,0
0.12012,-0.00342219,0.000141919,0,0,0,0,0.00108403,-0.000776548,0
0.121121,0,0,0,4.83749e-11,4.76662e-11,-4.76662e-11,0,0,0
0.122122,0.0157783,-0.0120844,0,0,0,0,-0.0021541,0.00112814,0
0.123123,0,0,0,6.68309e-12,-1.37863e-11,1.37863e-11,0,0,0
0.124124,-0.0158957,0.00830708,0,0,0,0,-0.00127176,1.81695e-05,0
0.125125,0,0,0,-3.48531e-12,-3.48314e-11,3.48314e-11,0,0,0
0.126126,0.00531042,-0.00742997,0,0,0,0,0.000327958,-0.000738938,0
0.127127,0,0,0,4.01128e-11,3.76417e-11,-3.76417e-11,0,0,0
0.128128,0.00426693,-0.00300578,0,0,0,0,-0.00153618,0.000507297,0
0.129129,0,0,0,-7.39154e-12,-1.45155e-11,1.45155e-11,0,0,0
0.13013,-0.00516818,0.00213844,0,0,0,0,-0.000304836,-0.000756954,0
0.131131,0,0,0,2.01211e-11,5.15259e-12,-5.15259e-12,0,0,0
0.132132,0.002906,-0.00681061,0,0,0,0,-0.0003037,-7.80515e-05,0
0.133133,0,0,0,8.28752e-12,2.62906e-12,-2.62906e-12,0,0,0
0.134134,-0.00201945,0.00319342,0,0,0,0,4.16402e-05,-0.00023587,0
0.135135,0,0,0,3.54178e-13,1.29306e-11,-1.29306e-11,0,0,0
0.136136,0.00728853,-0.00613172,0,0,0,0,-0.000211407,-0.000361933,0
0.137137,0,0,0,2.40338e-11,1.65823e-11,-1.65823e-11,0,0,0
0.138138,-0.00645282,-7.46285e-05,0,0,0,0,-0.000523856,0.000583272,0
0.139139,0,0,0,-2.15364e-11,-2.93698e-11,2.93698e-11,0,0,0
0.14014,-0.00119304,0.00358921,0,0,0,0,0.00140494,-0.000643604,0
0.141141,0,0,0,1.84091e-11,4.52836e-11,-4.52836e-11,0,0,0
0.142142,0.0144221,-0.0107847,0,0,0,0,-0.000740752,0.000625214,0
0.143143,0,0,0,1.14053e-11,6.13265e-12,-6.13265e-12,0,0,0
0.144144,-0.0146767,0.00699877,0,0,0,0,-0.000463245,0.000894685,0
0.145145,0,0,0,-3.39759e-11,-4.27517e-11,4.27517e-11,0,0,0
0.146146,0.00235994,0.000500136,0,0,0,0,0.00187416,-0.000571421,0
0.147147,0,0,0,3.01624e-11,5.96245e-11,-5.96245e-11,0,0,0
0.148148,0.0145142,-0.00999691,0,0,0,0,-0.00120847,0.00140288,0
0.149149,0,0,0,-4.52791e-12,-6.53439e-12,6.53439e-12,0,0,0
0.15015,-0.0159952,0.00979174,0,0,0,0,-0.000406701,0.000864594,0
0.151151,0,0,0,-2.82494e-11,-3.70252e-11,3.70252e-11,0,0,0
0.152152,0.00354855,-0.00221391,0,0,0,0,0.00140538,-0.000155019,0
0.153153,0,0,0,2.62707e-11,4.6366e-11,-4.6366e-11,0,0,0
0.154154,0.00920281,-0.00514856,0,0,0,0,-0.00109344,0.00148934,0
0.155155,0,0,0,-1.31065e-11,-8.26145e-12,8.26145e-12,0,0,0
0.156156,-0.00945379,0.00710055,0,0,0,0,-0.000435963,0.000637136,0
0.157157,0,0,0,-1.12812e-11,-1.78236e-11,1.78236e-11,0,0,0
0.158158,0.00105496,-0.00263123,0,0,0,0,0.000328196,0.000384502,0
0.159159,0,0,0,8.38017e-12,1.13743e-11,-1.13743e-11,0,0,0
0.16016,0.000583889,0.00140698,0,0,0,0,-0.000365515,0.000905586,0
0.161161,0,0,0,-1.30612e-11,-1.60322e-12,1.60322e-12,0,0,0
0.162162,0.00138835,0.000935052,0,0,0,0,-0.000313401,0.00028961,0
0.163163,0,0,0,9.29369e-12,9.17228e-12,-9.17228e-12,0,0,0
0.164164,-0.00198923,-0.00172599,0,0,0,0,-0.000867533,0.000865428,0
0.165165,0,0,0,-1.31757e-11,-2.71355e-11,2.71355e-11,0,0,0
0.166166,-0.00910459,0.00745861,0,0,0,0,0.000507523,8.10206e-05,0
0.167167,0,0,0,-1.05025e-11,3.76399e-13,-3.76399e-13,0,0,0
0.168168,0.0100433,-0.0048132,0,0,0,0,0.000245959,-0.000155535,0
0.169169,0,0,0,2.61408e-11,3.50745e-11,-3.50745e-11,0,0,0
0.17017,-0.001457,-0.00159045,0,0,0,0,-0.00156276,0.00111787,0
0.171171,0,0,0,-2.50323e-11,-4.58805e-11,4.58805e-11,0,0,0
0.172172,-0.0156241,0.01056,0,0,0,0,0.000898548,-0.000426423,0
0.173173,0,0,0,-1.02335e-11,-9.36901e-12,9.36901e-12,0,0,0
0.174174,0.0105926,-0.00654552,0,0,0,0,0.00106343,-0.000533366,0
0.175175,0,0,0,3.0462e-11,4.33661e-11,-4.33661e-11,0,0,0
0.176176,0.00224632,-0.00232042,0,0,0,0,-0.00117148,0.000958288,0
0.177177,0,0,0,-2.01644e-11,-3.24322e-11,3.24322e-11,0,0,0
0.178178,-0.0131847,0.00826254,0,0,0,0,0.000658552,-0.000355643,0
0.179179,0,0,0,-7.6402e-12,-1.71753e-11,1.71753e-11,0,0,0
0.18018,0.0035689,-0.00404558,0,0,0,0,0.00132507,-0.000442277,0
0.181181,0,0,0,1.64966e-11,2.07125e-11,-2.07125e-11,0,0,0
0.182182,0.00247409,-0.000849346,0,0,0,0,0.00022292,0.000403013,0
0.183183,0,0,0,-7.43649e-12,-3.70705e-12,3.70705e-12,0,0,0
0.184184,-0.00106233,0.00108471,0,0,0,0,0.000487906,-5.7844e-05,0
0.185185,0,0,0,6.80133e-12,8.15412e-13,-8.15412e-13,0,0,0
0.186186,-0.00137047,-0.00187457,0,0,0,0,0.000409469,0.000359993,0
0.187187,0,0,0,-6.41775e-12,-1.72431e-11,1.72431e-11,0,0,0
0.188188,-0.00534923,0.00488838,0,0,0,0,0.00131898,-3.81112e-05,0
0.189189,0,0,0,-6.55656e-12,2.67147e-12,-2.67147e-12,0,0,0
0.19019,0.0100138,-0.00471648,0,0,0,0,0.00107805,-0.000139139,0
0.191191,0,0,0,2.78061e-11,3.85999e-11,-3.85999e-11,0,0,0
0.192192,0.00433387,-0.0042194,0,0,0,0,-0.000872249,0.00127331,0
0.193193,0,0,0,-1.47301e-11,-2.67846e-11,2.67846e-11,0,0,0
0.194194,-0.0125119,0.00996586,0,0,0,0,0.000680274,0.000227879,0
0.195195,0,0,0,-2.00364e-11,-1.96424e-11,1.96424e-11,0,0,0
0.196196,0.007775,-0.00278191,0,0,0,0,0.00152632,-0.000467756,0
0.197197,0,0,0,2.96534e-11,4.7804e-11,-4.7804e-11,0,0,0
0.198198,0.0117548,-0.00643124,0,0,0,0,-0.000975448,0.00117615,0
0.199199,0,0,0,-3.47213e-12,1.62971e-12,-1.62971e-12,0,0,0
0.2002,-0.00619226,0.00719065,0,0,0,0,-0.000838182,0.000664873,0
0.201201,0,0,0,-1.93413e-11,-2.04628e-11,2.04628e-11,0,0,0
0.202202,0.000142188,0.00152456,0,0,0,0,0.000174862,-0.000217019,0
0.203203,0,0,0,6.84169e-12,1.19606e-11,-1.19606e-11,0,0,0
0.204204,0.00414371,-0.000384932,0,0,0,0,-0.000487697,0.000235996,0
0.205205,0,0,0,-5.65423e-12,6.60956e-12,-6.60956e-12,0,0,0
0.206206,0.00354709,0.00198995,0,0,0,0,-0.000745623,-0.000118691,0
0.207207,0,0,0,5.60977e-12,1.86659e-11,-1.86659e-11,0,0,0
0.208208,0.00574085,-0.00308868,0,0,0,0,-0.00168503,0.000200069,0
0.209209,0,0,0,1.6971e-12,-1.28009e-12,1.28009e-12,0,0,0
0.21021,-0.00814487,0.0063073,0,0,0,0,-0.00149941,5.64209e-05,0
0.211211,0,0,0,-3.01777e-11,-3.45013e-11,3.45013e-11,0,0,0
0.212212,-0.00416395,0.00576936,0,0,0,0,0.000295571,-0.00148057,0
0.213213,0,0,0,1.04186e-11,2.24216e-11,-2.24216e-11,0,0,0
0.214214,0.0126633,-0.00920111,0,0,0,0,-0.00096465,-0.000655206,0
0.215215,0,0,0,2.51511e-11,2.89903e-11,-2.89903e-11,0,0,0
0.216216,-0.00251876,0.000230432,0,0,0,0,-0.00229527,0.000350828,0
0.217217,0,0,0,-2.35457e-11,-3.53158e-11,3.53158e-11,0,0,0
0.218218,-0.0120695,0.00760486,0,0,0,0,-0.00035978,-0.00110059,0
0.219219,0,0,0,-7.22104e-12,-1.59388e-11,1.59388e-11,0,0,0
0.22022,0.000869716,-0.00392907,0,0,0,0,0.000329676,-0.00123116,0
0.221221,0,0,0,1.69896e-11,1.15922e-11,-1.15922e-11,0,0,0
0.222222,0.000569048,-0.00347052,0,0,0,0,-0.00025877,-0.000364507,0
0.223223,0,0,0,3.64158e-12,-1.04908e-12,1.04908e-12,0,0,0
0.224224,-4.83671e-05,-0.0029743,0,0,0,0,-0.000163728,-0.000265518,0
0.225225,0,0,0,1.60645e-11,7.75602e-12,-7.75602e-12,0,0,0
0.226226,-0.000519853,-0.00515266,0,0,0,0,-0.000617046,0.000530932,0
0.227227,0,0,0,-1.09947e-13,-1.80561e-11,1.80561e-11,0,0,0
0.228228,-0.0115811,0.00486835,0,0,0,0,0.000321387,0.000319128,0
0.229229,0,0,0,-1.97475e-11,-3.09106e-11,3.09106e-11,0,0,0
0.23023,-0.00184543,-0.000393969,0,0,0,0,0.00179277,-0.000546419,0
0.231231,0,0,0,2.65508e-11,2.80638e-11,-2.80638e-11,0,0,0
0.232232,0.0117312,-0.0124322,0,0,0,0,0.000171058,0.00107618,0
0.233233,0,0,0,2.70457e-11,2.37353e-11,-2.37353e-11,0,0,0
0.234234,-0.00257331,-4.34339e-06,0,0,0,0,-0.00101829,0.00216351,0
0.235235,0,0,0,-2.15765e-11,-2.74621e-11,2.74621e-11,0,0,0
0.236236,-0.00857179,0.00744047,0,0,0,0,0.000341858,0.000879246,0
0.237237,0,0,0,-1.08449e-11,-9.90006e-12,9.90006e-12,0,0,0
0.238238,0.000471544,0.000276876,0,0,0,0,0.000646404,0.000537692,0
0.239239,0,0,0,9.95904e-13,4.68429e-12,-4.68429e-12,0,0,0
0.24024,-0.000546778,0.0023449,0,0,0,0,0.000348983,0.000628086,0
0.241241,0,0,0,-7.0197e-12,1.161e-12,-1.161e-12,0,0,0
0.242242,0.00329855,0.000146557,0,0,0,0,0.000250178,0.000325795,0
0.243243,0,0,0,1.28936e-11,2.23748e-11,-2.23748e-11,0,0,0
0.244244,0.00459942,-0.0024187,0,0,0,0,-0.000975306,0.00102334,0
0.245245,0,0,0,-8.31497e-12,-6.38264e-12,6.38264e-12,0,0,0
0.246246,-0.0109125,0.0114287,0,0,0,0,-0.000591424,0.000339385,0
0.247247,0,0,0,-4.60011e-11,-4.34666e-11,4.34666e-11,0,0,0
0.248248,-0.00962346,0.0114399,0,0,0,0,0.00164159,-0.00192494,0
0.249249,0,0,0,-6.9715e-12,-1.0078e-12,1.0078e-12,0,0,0
0.25025,0.00567245,-0.00468799,0,0,0,0,0.00162767,-0.00183299,0
0.251251,0,0,0,2.33263e-11,2.16875e-11,-2.16875e-11,0,0,0
0.252252,0.00239314,-0.00390703,0,0,0,0,0.000628274,-0.000592428,0
0.253253,0,0,0,1.10321e-12,-4.23079e-12,4.23079e-12,0,0,0
0.254254,-0.00170372,0.000620735,0,0,0,0,0.000955293,-0.000623642,0
0.255255,0,0,0,3.11276e-12,1.30821e-12,-1.30821e-12,0,0,0
0.256256,0.00143228,-0.0018062,0,0,0,0,0.000866465,-0.000377571,0
0.257257,0,0,0,-2.55723e-12,-4.1057e-12,4.1057e-12,0,0,0
0.258258,-0.00496012,0.00488037,0,0,0,0,0.00114272,-0.000548676,0
0.259259,0,0,0,-2.30178e-11,-2.14042e-11,2.14042e-11,0,0,0
0.26026,-0.00130208,0.00274945,0,0,0,0,0.00231916,-0.00158725,0
0.261261,0,0,0,1.6033e-11,2.04087e-11,-2.04087e-11,0,0,0
0.262262,0.0142122,-0.0130903,0,0,0,0,0.00125899,-0.00041266,0
0.263263,0,0,0,4.6392e-11,4.618e-11,-4.618e-11,0,0,0
0.264264,0.0105898,-0.0100652,0,0,0,0,-0.00104316,0.00183293,0
0.265265,0,0,0,6.657e-12,1.01678e-11,-1.01678e-11,0,0,0
0.266266,0.00062635,0.003143,0,0,0,0,-0.00150986,0.00177721,0
0.267267,0,0,0,-1.4971e-11,9.06158e-13,-9.06158e-13,0,0,0
0.268268,0.00225295,0.0039583,0,0,0,0,-0.00164061,0.000889815,0
0.269269,0,0,0,-1.39088e-11,2.76424e-12,-2.76424e-12,0,0,0
0.27027,-0.00355157,0.0074509,0,0,0,0,-0.00177067,4.68819e-05,0
0.271271,0,0,0,-3.21461e-11,-2.66072e-11,2.66072e-11,0,0,0
0.272272,-0.00960779,0.00855885,0,0,0,0,-0.000272836,-0.00167931,0
0.273273,0,0,0,-5.67836e-12,-1.81788e-11,1.81788e-11,0,0,0
0.274274,-0.00040544,-0.00782551,0,0,0,0,0.000699312,-0.00171872,0
0.275275,0,0,0,4.60357e-11,1.00943e-11,-1.00943e-11,0,0,0
0.276276,0.000931417,-0.0149829,0,0,0,0,0.000170199,0.000695658,0
0.277277,0,0,0,3.15967e-11,-1.18514e-11,1.18514e-11,0,0,0
0.278278,-0.00748208,-0.0039166,0,0,0,0,0.00070884,0.00205072,0
0.279279,0,0,0,1.12253e-12,-2.19966e-11,2.19966e-11,0,0,0
0.28028,-0.00244038,0.000259144,0,0,0,0,0.001564,0.00210189,0
0.281281,0,0,0,-3.5406e-13,5.60113e-12,-5.60113e-12,0,0,0
0.282282,0.00311708,0.00396767,0,0,0,0,0.000989621,0.00220914,0
0.283283,0,0,0,-2.93537e-11,1.56306e-12,-1.56306e-12,0,0,0
0.284284,-0.00128159,0.0156589,0,0,0,0,0.000845406,0.000718548,0
0.285285,0,0,0,-5.06515e-11,-4.01344e-12,4.01344e-12,0,0,0
0.286286,0.00412345,0.0121011,0,0,0,0,0.00111656,-0.00160117,0
0.287287,0,0,0,-1.13636e-11,2.7932e-11,-2.7932e-11,0,0,0
0.288288,0.0118353,-0.00154884,0,0,0,0,-0.000151876,-0.00182349,0
0.289289,0,0,0,1.24832e-11,2.74677e-11,-2.74677e-11,0,0,0
0.29029,0.00408033,-0.0015336,0,0,0,0,-0.00125442,-0.0012363,0
0.291291,0,0,0,7.87443e-13,-3.2803e-12,3.2803e-12,0,0,0
0.292292,-0.000842124,-0.00165598,0,0,0,0,-0.000850538,-0.00133288,0
0.293293,0,0,0,1.90696e-11,3.05301e-12,-3.05301e-12,0,0,0
0.294294,0.00351239,-0.0095592,0,0,0,0,-0.000969633,-0.000350654,0
0.295295,0,0,0,2.96625e-11,7.04309e-12,-7.04309e-12,0,0,0
0.296296,-0.00176721,-0.004486,0,0,0,0,-0.00134243,0.000953909,0
0.297297,0,0,0,-5.46961e-12,-2.04357e-11,2.04357e-11,0,0,0
0.298298,-0.00751537,0.0051859,0,0,0,0,-0.000338749,0.000436252,0
0.299299,0,0,0,-1.3459e-11,-1.5241e-11,1.5241e-11,0,0,0
0.3003,-4.63269e-06,0.000572093,0,0,0,0,0.000306382,-0.000140776,0
0.301301,0,0,0,7.6659e-12,1.02644e-11,-1.02644e-11,0,0,0
0.302302,0.002449,-0.001126,0,0,0,0,-0.00030001,0.000334469,0
0.303303,0,0,0,-8.31643e-12,-2.695e-12,2.695e-12,0,0,0
0.304304,-0.0036689,0.00650716,0,0,0,0,-0.000123807,-0.000194488,0
0.305305,0,0,0,-2.08318e-11,-1.08236e-11,1.08236e-11,0,0,0
0.306306,0.000129745,0.0028061,0,0,0,0,0.000447953,-0.00115138,0
0.307307,0,0,0,7.73583e-12,1.30665e-11,-1.30665e-11,0,0,0
0.308308,0.0052576,-0.0047992,0,0,0,0,-0.000213629,-0.000593799,0
0.309309,0,0,0,1.04486e-11,9.20309e-12,-9.20309e-12,0,0,0
0.31031,-0.00133954,0.00096338,0,0,0,0,-0.000599985,-0.000186751,0
0.311311,0,0,0,-1.363e-11,-1.31932e-11,1.31932e-11,0,0,0
0.312312,-0.00330652,0.00344241,0,0,0,0,0.000136012,-0.000953211,0
0.313313,0,0,0,8.82222e-13,5.85411e-13,-5.85411e-13,0,0,0
0.314314,0.003363,-0.00472219,0,0,0,0,8.85533e-05,-0.000767972,0
0.315315,0,0,0,1.81146e-11,1.24026e-11,-1.24026e-11,0,0,0
0.316316,0.000904918,-0.00311303,0,0,0,0,-0.000526359,0.000101141,0
0.317317,0,0,0,-5.84319e-12,-9.25949e-12,9.25949e-12,0,0,0
0.318318,-0.0047581,0.00407817,0,0,0,0,-3.87815e-06,-0.000359988,0
0.319319,0,0,0,-1.0822e-11,-1.01062e-11,1.01062e-11,0,0,0
0.32032,0.000540437,-0.00134668,0,0,0,0,0.000493709,-0.000818629,0
0.321321,0,0,0,1.53626e-11,1.18358e-11,-1.18358e-11,0,0,0
0.322322,0.00357361,-0.00584981,0,0,0,0,-0.000133873,3.97628e-05,0
0.323323,0,0,0,7.11078e-12,2.26919e-12,-2.26919e-12,0,0,0
0.324324,-0.00287762,0.00163636,0,0,0,0,-0.000210607,0.00023806,0
0.325325,0,0,0,-1.45951e-11,-1.38586e-11,1.38586e-11,0,0,0
0.326326,-0.00244111,0.00225145,0,0,0,0,0.000507725,-0.000531486,0
0.327327,0,0,0,4.5925e-12,3.97272e-12,-3.97272e-12,0,0,0
0.328328,0.00397373,-0.00571449,0,0,0,0,0.000266746,-0.000153684,0
0.329329,0,0,0,1.76528e-11,1.21139e-11,-1.21139e-11,0,0,0
0.33033,0.000837025,-0.00274797,0,0,0,0,-0.000345304,0.000669604,0
0.331331,0,0,0,-7.26795e-12,-8.62124e-12,8.62124e-12,0,0,0
0.332332,-0.00385643,0.0038609,0,0,0,0,0.000121588,0.000152601,0
0.333333,0,0,0,-9.22065e-12,-7.06004e-12,7.06004e-12,0,0,0
0.334334,0.00144689,-0.00189903,0,0,0,0,0.000451275,-0.000217351,0
0.335335,0,0,0,1.62727e-11,1.29941e-11,-1.29941e-11,0,0,0
0.336336,0.00395825,-0.00582576,0,0,0,0,-0.000244744,0.00067176,0
0.337337,0,0,0,7.04641e-12,3.38275e-12,-3.38275e-12,0,0,0
0.338338,-0.00218856,0.00187168,0,0,0,0,-0.000402051,0.000861363,0
0.339339,0,0,0,-1.52908e-11,-1.22461e-11,1.22461e-11,0,0,0
0.34034,-0.00217206,0.00310068,0,0,0,0,0.000215342,4.54288e-05,0
0.341341,0,0,0,1.97837e-12,3.38673e-12,-3.38673e-12,0,0,0
0.342342,0.00383028,-0.00460589,0,0,0,0,-6.47547e-06,0.000283741,0
0.343343,0,0,0,1.67917e-11,1.27417e-11,-1.27417e-11,0,0,0
0.344344,0.00147275,-0.00242401,0,0,0,0,-0.00067335,0.00107854,0
0.345345,0,0,0,-6.90454e-12,-6.25342e-12,6.25342e-12,0,0,0
0.346346,-0.00375313,0.00501381,0,0,0,0,-0.000347119,0.00056817,0
0.347347,0,0,0,-1.42193e-11,-9.09269e-12,9.09269e-12,0,0,0
0.348348,0.000119008,0.000753229,0,0,0,0,8.37349e-05,-8.10309e-05,0
0.349349,0,0,0,1.10022e-11,9.9789e-12,-9.9789e-12,0,0,0
0.35035,0.00362312,-0.00472604,0,0,0,0,-0.000468509,0.000573639,0
0.351351,0,0,0,9.01488e-12,5.82213e-12,-5.82213e-12,0,0,0
0.352352,-0.0016884,0.00178362,0,0,0,0,-0.000768685,0.000893133,0
0.353353,0,0,0,-1.63657e-11,-1.23548e-11,1.23548e-11,0,0,0
0.354354,-0.00390401,0.00562327,0,0,0,0,-0.000143597,-1.84657e-05,0
0.355355,0,0,0,-7.27355e-12,-3.63098e-12,3.63098e-12,0,0,0
0.356356,0.00152034,-0.00171569,0,0,0,0,2.08036e-06,-0.000247626,0
0.357357,0,0,0,1.49117e-11,1.07565e-11,-1.07565e-11,0,0,0
0.358358,0.00171641,-0.00322007,0,0,0,0,-0.000572671,0.000534681,0
0.359359,0,0,0,-7.11245e-13,-2.66186e-12,2.66186e-12,0,0,0
0.36036,-0.00405515,0.00464741,0,0,0,0,-0.000432524,0.000346146,0
0.361361,0,0,0,-1.87869e-11,-1.40038e-11,1.40038e-11,0,0,0
0.362362,-0.00310059,0.00410646,0,0,0,0,0.000269787,-0.000588692,0
0.363363,0,0,0,1.54894e-12,1.31756e-12,-1.31756e-12,0,0,0
0.364364,0.00205592,-0.0037103,0,0,0,0,0.000170619,-0.000349203,0
0.365365,0,0,0,1.49968e-11,8.25793e-12,-8.25793e-12,0,0,0
0.366366,-0.000233341,-0.00150677,0,0,0,0,-0.000260146,0.000378835,0
0.367367,0,0,0,-7.92326e-12,-8.57987e-12,8.57987e-12,0,0,0
0.368368,-0.00480844,0.00556088,0,0,0,0,0.000184537,-0.000141886,0
0.369369,0,0,0,-1.57922e-11,-1.17954e-11,1.17954e-11,0,0,0
0.37037,-0.00152013,0.00156902,0,0,0,0,0.000773948,-0.000841149,0
0.371371,0,0,0,9.40909e-12,5.57375e-12,-5.57375e-12,0,0,0
0.372372,0.00255877,-0.00504677,0,0,0,0,0.000469533,-0.000213115,0
0.373373,0,0,0,1.32157e-11,6.00885e-12,-6.00885e-12,0,0,0
0.374374,-0.00101527,-0.000180595,0,0,0,0,0.00016366,0.00038797,0
0.375375,0,0,0,-1.19365e-11,-1.0218e-11,1.0218e-11,0,0,0
0.376376,-0.00390132,0.00529254,0,0,0,0,0.000692182,-0.000289374,0
0.377377,0,0,0,-1.10052e-11,-6.96414e-12,6.96414e-12,0,0,0
0.378378,0.000637112,-0.00068998,0,0,0,0,0.00103951,-0.000696884,0
0.379379,0,0,0,1.44689e-11,9.65224e-12,-9.65224e-12,0,0,0
0.38038,0.00348691,-0.00548498,0,0,0,0,0.000538127,0.000158125,0
0.381381,0,0,0,1.03427e-11,5.62442e-12,-5.62442e-12,0,0,0
0.382382,-0.000594626,0.00102537,0,0,0,0,0.000257472,0.000587273,0
0.383383,0,0,0,-1.45097e-11,-8.64185e-12,8.64185e-12,0,0,0
0.384384,-0.00219212,0.00505635,0,0,0,0,0.000708043,-0.000190106,0
0.385385,0,0,0,-7.76643e-12,-1.74348e-12,1.74348e-12,0,0,0
0.386386,0.00261896,-0.00177038,0,0,0,0,0.000798902,-0.000422616,0
0.387387,0,0,0,1.60662e-11,1.28036e-11,-1.28036e-11,0,0,0
0.388388,0.00433498,-0.00499231,0,0,0,0,0.000149093,0.000472151,0
0.389389,0,0,0,6.79541e-12,5.9981e-12,-5.9981e-12,0,0,0
0.39039,-1.18499e-05,0.00233842,0,0,0,0,-0.000143546,0.00069365,0
0.391391,0,0,0,-1.70364e-11,-6.85217e-12,6.85217e-12,0,0,0
0.392392,-0.00109275,0.00539313,0,0,0,0,0.000224817,-0.000208869,0
0.393393,0,0,0,-7.16133e-12,9.89893e-13,-9.89893e-13,0,0,0
0.394394,0.00333622,-0.00177354,0,0,0,0,0.000193092,-0.000426921,0
0.395395,0,0,0,1.54686e-11,1.32851e-11,-1.32851e-11,0,0,0
0.396396,0.00419696,-0.00427219,0,0,0,0,-0.000465461,0.000397744,0
0.397397,0,0,0,4.24902e-12,5.06472e-12,-5.06472e-12,0,0,0
0.398398,-0.000334305,0.00317805,0,0,0,0,-0.00070058,0.000463098,0
0.399399,0,0,0,-1.86831e-11,-7.35283e-12,7.35283e-12,0,0,0
0.4004,-0.00150187,0.00573609,0,0,0,0,-0.000294202,-0.000538374,0
0.401401,0,0,0,-7.6748e-12,-2.84841e-13,2.84841e-13,0,0,0
0.402402,0.00238071,-0.00168977,0,0,0,0,-0.00024322,-0.000804495,0
0.403403,0,0,0,1.53788e-11,1.06374e-11,-1.06374e-11,0,0,0
0.404404,0.00297655,-0.00450786,0,0,0,0,-0.0007544,-4.06641e-06,0
0.405405,0,0,0,5.29868e-12,2.69734e-12,-2.69734e-12,0,0,0
0.406406,-0.00142345,0.00254369,0,0,0,0,-0.000866374,0.000101572,0
0.407407,0,0,0,-1.74144e-11,-9.59988e-12,9.59988e-12,0,0,0
0.408408,-0.00285877,0.00525037,0,0,0,0,-0.000344405,-0.000853855,0
0.409409,0,0,0,-7.49896e-12,-3.9319e-12,3.9319e-12,0,0,0
0.41041,0.000697298,-0.00218614,0,0,0,0,-0.000104611,-0.00112322,0
0.411411,0,0,0,1.71199e-11,7.0929e-12,-7.0929e-12,0,0,0
0.412412,0.00181644,-0.0060654,0,0,0,0,-0.000440436,-0.000223068,0
0.413413,0,0,0,1.06227e-11,1.50901e-12,-1.50901e-12,0,0,0
0.414414,-0.00191524,0.000352296,0,0,0,0,-0.00051151,0.000162138,0
0.415415,0,0,0,-1.30503e-11,-1.02948e-11,1.02948e-11,0,0,0
0.416416,-0.00360615,0.00420351,0,0,0,0,2.05184e-05,-0.000588959,0
0.417417,0,0,0,-7.63306e-12,-6.45819e-12,6.45819e-12,0,0,0
0.418418,-0.000281538,-0.00236567,0,0,0,0,0.000366405,-0.000872541,0
0.419419,0,0,0,1.79243e-11,5.42949e-12,-5.42949e-12,0,0,0
0.42042,0.00184228,-0.00751978,0,0,0,0,8.90965e-05,0.000102385,0
0.421421,0,0,0,1.68897e-11,3.72789e-12,-3.72789e-12,0,0,0
0.422422,-0.000844303,-0.00197497,0,0,0,0,-0.000134049,0.000833349,0
0.423423,0,0,0,-8.29109e-12,-7.2559e-12,7.2559e-12,0,0,0
0.424424,-0.0029856,0.00396789,0,0,0,0,0.00019822,0.000300129,0
0.425425,0,0,0,-1.13738e-11,-6.52835e-12,6.52835e-12,0,0,0
0.426426,-0.000406338,-0.00039251,0,0,0,0,0.000512658,-0.000196155,0
0.427427,0,0,0,1.26572e-11,5.02847e-12,-5.02847e-12,0,0,0
0.428428,0.00247214,-0.00672099,0,0,0,0,0.000231738,0.00054852,0
0.429429,0,0,0,1.92199e-11,7.34447e-12,-7.34447e-12,0,0,0
0.43043,0.000877073,-0.00299063,0,0,0,0,-0.000202641,0.00144136,0
0.431431,0,0,0,-4.9967e-12,-2.56227e-12,2.56227e-12,0,0,0
0.432432,-0.00198899,0.00492501,0,0,0,0,-0.000141212,0.00104922,0
0.433433,0,0,0,-1.87799e-11,-6.51703e-12,6.51703e-12,0,0,0
0.434434,-0.00102153,0.00390904,0,0,0,0,0.00015584,0.000129965,0
0.435435,0,0,0,5.38604e-14,2.04236e-12,-2.04236e-12,0,0,0
0.436436,0.00187131,-0.00328359,0,0,0,0,3.69926e-05,0.000263887,0
0.437437,0,0,0,1.63377e-11,7.54238e-12,-7.54238e-12,0,0,0
0.438438,0.0014721,-0.00319028,0,0,0,0,-0.000388195,0.00108284,0
0.439439,0,0,0,-1.50895e-13,1.72549e-13,-1.72549e-13,0,0,0
0.44044,-0.00169213,0.00480207,0,0,0,0,-0.00045699,0.000940024,0
0.441441,0,0,0,-2.25502e-11,-7.93151e-12,7.93151e-12,0,0,0
0.442442,-0.00258059,0.00756393,0,0,0,0,-7.58662e-05,-0.000225387,0
0.443443,0,0,0,-1.36873e-11,-4.31253e-12,4.31253e-12,0,0,0
0.444444,-0.000256129,0.000747468,0,0,0,0,0.000169465,-0.000775311,0
0.445445,0,0,0,1.09029e-11,3.37692e-12,-3.37692e-12,0,0,0
0.446446,0.000939808,-0.00407895,0,0,0,0,1.55716e-05,-0.000128164,0
0.447447,0,0,0,1.01188e-11,1.54339e-12,-1.54339e-12,0,0,0
0.448448,-0.00108785,0.000925775,0,0,0,0,-8.33198e-05,0.000313485,0
0.449449,0,0,0,-1.3837e-11,-6.723e-12,6.723e-12,0,0,0
0.45045,-0.00292937,0.00697968,0,0,0,0,0.000248898,-0.000452193,0
0.451451,0,0,0,-2.004e-11,-7.79642e-12,7.79642e-12,0,0,0
0.452452,-0.00150992,0.00347774,0,0,0,0,0.000693683,-0.00135659,0
0.453453,0,0,0,3.32924e-12,7.4364e-14,-7.4364e-14,0,0,0
0.454454,0.00110139,-0.00463732,0,0,0,0,0.00075817,-0.00101323,0
0.455455,0,0,0,2.02424e-11,5.04896e-12,-5.04896e-12,0,0,0
0.456456,0.00135754,-0.00507343,0,0,0,0,0.00052117,4.23163e-05,0
0.457457,0,0,0,5.43102e-12,1.25129e-12,-1.25129e-12,0,0,0
0.458458,-0.000195453,0.00210827,0,0,0,0,0.000438609,0.00022835,0
0.459459,0,0,0,-1.58781e-11,-2.88579e-12,2.88579e-12,0,0,0
0.46046,-0.000213711,0.00493145,0,0,0,0,0.000601678,-0.000577949,0
0.461461,0,0,0,-8.97813e-12,9.61176e-13,-9.61176e-13,0,0,0
0.462462,0.00201867,-0.00139903,0,0,0,0,0.000623531,-0.000895003,0
0.463463,0,0,0,1.58383e-11,8.2536e-12,-8.2536e-12,0,0,0
0.464464,0.00368876,-0.00717422,0,0,0,0,0.00025819,1.74081e-06,0
0.465465,0,0,0,2.01584e-11,9.4536e-12,-9.4536e-12,0,0,0
0.466466,0.00289452,-0.00343778,0,0,0,0,-0.00023723,0.000940421,0
0.467467,0,0,0,-3.08287e-12,4.36418e-12,-4.36418e-12,0,0,0
0.468468,0.00123337,0.00435592,0,0,0,0,-0.000492694,0.000640161,0
0.469469,0,0,0,-1.95089e-11,1.12898e-12,-1.12898e-12,0,0,0
0.47047,0.00102291,0.00483415,0,0,0,0,-0.000521848,-0.000372008,0
0.471471,0,0,0,-5.65782e-12,3.41702e-12,-3.41702e-12,0,0,0
0.472472,0.0018988,-0.0022657,0,0,0,0,-0.000617035,-0.000585316,0
0.473473,0,0,0,1.66883e-11,5.83818e-12,-5.83818e-12,0,0,0
0.474474,0.00172807,-0.00606749,0,0,0,0,-0.000875029,0.000248502,0
0.475475,0,0,0,1.38642e-11,2.88753e-12,-2.88753e-12,0,0,0
0.476476,-9.93133e-05,-0.000810614,0,0,0,0,-0.00105884,0.000791174,0
0.477477,0,0,0,-1.0251e-11,-3.21558e-12,3.21558e-12,0,0,0
0.478478,-0.00196389,0.00589152,0,0,0,0,-0.000935425,0.000113712,0
0.479479,0,0,0,-2.06893e-11,-6.4941e-12,6.4941e-12,0,0,0
0.48048,-0.00244144,0.00427062,0,0,0,0,-0.000572571,-0.000943463,0
0.481481,0,0,0,-1.96841e-12,-5.53999e-12,5.53999e-12,0,0,0
0.482482,-0.00201984,-0.00369271,0,0,0,0,-0.000220964,-0.000959298,0
0.483483,0,0,0,2.05524e-11,-4.16764e-12,4.16764e-12,0,0,0
0.484484,-0.00196061,-0.00729456,0,0,0,0,-5.26063e-06,9.1412e-05,0
0.485485,0,0,0,1.68908e-11,-5.09448e-12,5.09448e-12,0,0,0
0.486486,-0.00242962,-0.00206335,0,0,0,0,0.000162477,0.00084326,0
0.487487,0,0,0,-6.47158e-12,-6.5728e-12,6.5728e-12,0,0,0
0.488488,-0.00253504,0.00441673,0,0,0,0,0.000397451,0.000435952,0
0.489489,0,0,0,-1.67914e-11,-5.7651e-12,5.7651e-12,0,0,0
0.49049,-0.00176605,0.00322402,0,0,0,0,0.000668653,-0.000350918,0
0.491491,0,0,0,-1.31672e-13,-2.76092e-12,2.76092e-12,0,0,0
0.492492,-0.000583638,-0.00385613,0,0,0,0,0.00083194,-0.000211623,0
0.493493,0,0,0,2.05405e-11,2.43236e-13,-2.43236e-13,0,0,0
0.494494,0.000378255,-0.00697968,0,0,0,0,0.000782327,0.000900959,0
0.495495,0,0,0,1.66138e-11,2.1505e-12,-2.1505e-12,0,0,0
0.496496,0.00102275,-0.00135442,0,0,0,0,0.00054435,0.00169248,0
0.497497,0,0,0,-8.80366e-12,3.48252e-12,-3.48252e-12,0,0,0
0.498498,0.00147779,0.00667143,0,0,0,0,0.00024206,0.0011854,0
0.499499,0,0,0,-2.56534e-11,4.34171e-12,-4.34171e-12,0,0,0
0.500501,0.00158721,0.00791349,0,0,0,0,8.15708e-06,-6.92113e-05,0
0.501502,0,0,0,-1.54008e-11,3.83712e-12,-3.83712e-12,0,0,0
0.502503,0.00116629,0.00179771,0,0,0,0,-9.82366e-05,-0.000724062,0
0.503504,0,0,0,6.76815e-12,1.95343e-12,-1.95343e-12,0,0,0
0.504505,0.000538496,-0.00341468,0,0,0,0,-0.000120448,-0.000303412,0
0.505506,0,0,0,1.23191e-11,4.41573e-13,-4.41573e-13,0,0,0
0.506507,0.000300169,-0.00118758,0,0,0,0,-0.000150907,0.00028445,0
0.507508,0,0,0,-5.19788e-12,6.75798e-13,-6.75798e-13,0,0,0
0.508509,0.000484333,0.00540234,0,0,0,0,-0.000220999,-5.66293e-05,0
0.50951,0,0,0,-2.31948e-11,1.40788e-12,-1.40788e-12,0,0,0
0.510511,0.000397656,0.00770087,0,0,0,0,-0.000240926,-0.00123403,0
0.511512,0,0,0,-1.79777e-11,1.75805e-13,-1.75805e-13,0,0,0
0.512513,-0.000401964,0.00192517,0,0,0,0,-8.51495e-05,-0.00205022,0
0.513514,0,0,0,7.33973e-12,-2.91028e-12,2.91028e-12,0,0,0
0.514515,-0.00121211,-0.00650571,0,0,0,0,0.000233591,-0.00158,0
0.515516,0,0,0,2.7052e-11,-4.20535e-12,4.20535e-12,0,0,0
0.516517,-0.000755514,-0.0092956,0,0,0,0,0.000497144,-0.000203829,0
0.517518,0,0,0,2.22359e-11,-5.25416e-13,5.25416e-13,0,0,0
0.518519,0.00121587,-0.00442865,0,0,0,0,0.000443371,0.000838673,0
0.51952,0,0,0,8.24881e-13,6.30775e-12,-6.30775e-12,0,0,0
0.520521,0.0032143,0.00211624,0,0,0,0,2.7475e-05,0.000791832,0
0.521522,0,0,0,-1.28124e-11,1.02874e-11,-1.02874e-11,0,0,0
0.522523,0.00330223,0.00332947,0,0,0,0,-0.000494691,0.000113406,0
0.523524,0,0,0,-5.07002e-12,7.31343e-12,-7.31343e-12,0,0,0
0.524525,0.00114046,-0.00136654,0,0,0,0,-0.000783967,-0.000136419,0
0.525526,0,0,0,1.31962e-11,-9.00431e-14,9.00431e-14,0,0,0
0.526527,-0.00148541,-0.00604052,0,0,0,0,-0.000735946,0.000502885,0
0.527528,0,0,0,1.96755e-11,-5.14315e-12,5.14315e-12,0,0,0
0.528529,-0.00239161,-0.00494074,0,0,0,0,-0.000563241,0.00139869,0
0.52953,0,0,0,4.70925e-12,-4.17934e-12,4.17934e-12,0,0,0
0.530531,-0.00124017,0.00154798,0,0,0,0,-0.000531856,0.00150545,0
0.531532,0,0,0,-1.88174e-11,-9.6348e-13,9.6348e-13,0,0,0
0.532533,6.58063e-05,0.00760929,0,0,0,0,-0.000615378,0.000465988,0
0.533534,0,0,0,-2.8553e-11,-2.6826e-12,2.6826e-12,0,0,0
0.534535,-0.000694271,0.00797119,0,0,0,0,-0.000456004,-0.00097556,0
0.535536,0,0,0,-1.44302e-11,-1.12478e-11,1.12478e-11,0,0,0
0.536537,-0.00371058,0.00274478,0,0,0,0,0.000262668,-0.00162036,0
0.537538,0,0,0,1.18955e-11,-1.92263e-11,1.92263e-11,0,0,0
0.538539,-0.00664502,-0.00335052,0,0,0,0,0.00136371,-0.000888417,0
0.53954,0,0,0,2.75945e-11,-1.58535e-11,1.58535e-11,0,0,0
0.540541,-0.00642641,-0.00580722,0,0,0,0,0.00213329,0.000647541,0
0.541542,0,0,0,1.86518e-11,1.58075e-12,-1.58075e-12,0,0,0
0.542543,-0.00174873,-0.00396741,0,0,0,0,0.00184741,0.00171031,0
0.543544,0,0,0,-8.10691e-12,2.22511e-11,-2.22511e-11,0,0,0
0.544545,0.00566529,-0.000304437,0,0,0,0,0.00047582,0.00136251,0
0.545546,0,0,0,-3.04787e-11,2.9341e-11,-2.9341e-11,0,0,0
0.546547,0.0117766,0.00283793,0,0,0,0,-0.00110544,-0.000200406,0
0.547548,0,0,0,-2.92322e-11,1.54555e-11,-1.54555e-11,0,0,0
0.548549,0.0124284,0.00490781,0,0,0,0,-0.00172488,-0.00176405,0
0.54955,0,0,0,-4.79546e-12,-8.52168e-12,8.52168e-12,0,0,0
0.550551,0.00605266,0.00578944,0,0,0,0,-0.000931152,-0.00208515,0
0.551552,0,0,0,2.19794e-11,-2.15635e-11,2.15635e-11,0,0,0
0.552553,-0.00444214,0.0042941,0,0,0,0,0.000509485,-0.000983869,0
0.553554,0,0,0,2.78143e-11,-1.20618e-11,1.20618e-11,0,0,0
0.554555,-0.0123869,-0.000414838,0,0,0,0,0.00122207,0.000465979,0
0.555556,0,0,0,9.59959e-12,1.01018e-11,-1.01018e-11,0,0,0
0.556557,-0.0116207,-0.00603944,0,0,0,0,0.00049229,0.000975397,0
0.557558,0,0,0,-1.11572e-11,2.28208e-11,-2.28208e-11,0,0,0
0.558559,-0.00205314,-0.00795777,0,0,0,0,-0.00102135,0.000386003,0
0.55956,0,0,0,-1.08522e-11,1.42535e-11,-1.42535e-11,0,0,0
0.560561,0.00878194,-0.0045913,0,0,0,0,-0.00192157,-0.000179552,0
0.561562,0,0,0,8.10477e-12,-5.65612e-12,5.65612e-12,0,0,0
0.562563,0.0114662,-0.000629473,0,0,0,0,-0.00145655,0.000255981,0
0.563564,0,0,0,1.83443e-11,-1.78972e-11,1.78972e-11,0,0,0
0.564565,0.00357754,-0.0016507,0,0,0,0,-0.000186206,0.00113506,0
0.565566,0,0,0,2.47496e-12,-1.59839e-11,1.59839e-11,0,0,0
0.566567,-0.00750595,-0.00528979,0,0,0,0,0.000766898,0.000980262,0
0.567568,0,0,0,-2.04459e-11,-9.84177e-12,9.84177e-12,0,0,0
0.568569,-0.0118158,-0.00237355,0,0,0,0,0.000944872,-0.000454185,0
0.56957,0,0,0,-1.79195e-11,-8.75813e-12,8.75813e-12,0,0,0
0.570571,-0.00654017,0.00969575,0,0,0,0,0.000818533,-0.00144146,0
0.571572,0,0,0,7.97828e-12,-8.43929e-12,8.43929e-12,0,0,0
0.572573,0.00248052,0.0190462,0,0,0,0,0.000938573,-0.000498007,0
0.573574,0,0,0,1.81012e-11,-2.77651e-14,2.77651e-14,0,0,0
0.574575,0.00806972,0.0123896,0,0,0,0,0.00119559,0.00122727,0
0.575576,0,0,0,-6.49893e-12,1.43024e-11,-1.43024e-11,0,0,0
0.576577,0.00800554,-0.00531909,0,0,0,0,0.00106043,0.00121456,0
0.577578,0,0,0,-2.94175e-11,2.33446e-11,-2.33446e-11,0,0,0
0.578579,0.00411689,-0.0146056,0,0,0,0,0.000287898,-0.000728659,0
0.57958,0,0,0,-1.00218e-11,2.13979e-11,-2.13979e-11,0,0,0
0.580581,-0.00113862,-0.00777737,0,0,0,0,-0.000823736,-0.00187135,0
0.581582,0,0,0,2.88081e-11,1.18511e-11,-1.18511e-11,0,0,0
0.582583,-0.0052134,0.000637604,0,0,0,0,-0.0016934,-0.000559165,0
0.583584,0,0,0,2.99341e-11,-1.1831e-12,1.1831e-12,0,0,0
0.584585,-0.00573101,-0.00222853,0,0,0,0,-0.00183416,0.00116507,0
0.585586,0,0,0,-6.66211e-12,-1.41812e-11,1.41812e-11,0,0,0
0.586587,-0.00304497,-0.00680432,0,0,0,0,-0.0012054,0.000820336,0
0.587588,0,0,0,-2.16248e-11,-1.97154e-11,1.97154e-11,0,0,0
0.588589,-0.00021544,0.000510214,0,0,0,0,-0.000321086,-0.000479852,0
0.58959,0,0,0,3.35364e-12,-1.38612e-11,1.38612e-11,0,0,0
0.590591,0.00154898,0.0106168,0,0,0,0,0.000277589,-0.000175469,0
0.591592,0,0,0,1.44662e-11,-5.66221e-12,5.66221e-12,0,0,0
0.592593,0.00382441,0.00633432,0,0,0,0,0.000675047,0.00101142,0
0.593594,0,0,0,-1.36393e-11,-4.23706e-12,4.23706e-12,0,0,0
0.594595,0.00561492,-0.00533643,0,0,0,0,0.00120434,0.000410387,0
0.595596,0,0,0,-2.71338e-11,-2.17348e-12,2.17348e-12,0,0,0
0.596597,0.00316845,-0.00433474,0,0,0,0,0.00151698,-0.00139357,0
0.597598,0,0,0,5.17042e-12,8.65404e-12,-8.65404e-12,0,0,0
0.598599,-0.00208538,0.00538252,0,0,0,0,0.000983072,-0.00138236,0
0.5996,0,0,0,2.73173e-11,1.55295e-11,-1.55295e-11,0,0,0
0.600601,-0.00364934,0.00384738,0,0,0,0,1.29263e-05,0.000230179,0
0.601602,0,0,0,2.43665e-12,6.48396e-12,-6.48396e-12,0,0,0
0.602603,-0.00131248,-0.00515966,0,0,0,0,-0.00036485,0.000472259,0
0.603604,0,0,0,-1.40887e-11,-2.48266e-12,2.48266e-12,0,0,0
0.604605,-0.00156024,-0.0019675,0,0,0,0,-0.00027671,-0.000467963,0
0.605606,0,0,0,1.22437e-11,3.60671e-12,-3.60671e-12,0,0,0
0.606607,-0.00386388,0.00745352,0,0,0,0,-0.000618869,0.000190431,0
0.607608,0,0,0,2.22249e-11,6.71134e-12,-6.71134e-12,0,0,0
0.608609,-0.00130676,0.00282617,0,0,0,0,-0.00102611,0.00175633,0
0.60961,0,0,0,-1.18054e-11,-6.34141e-12,6.34141e-12,0,0,0
0.610611,0.003478,-0.00730759,0,0,0,0,-0.000506059,0.0012746,0
0.611612,0,0,0,-2.34009e-11,-1.14173e-11,1.14173e-11,0,0,0
0.612613,0.00199879,-0.00307488,0,0,0,0,0.000280144,-0.000248308,0
0.613614,0,0,0,6.25018e-12,2.53731e-12,-2.53731e-12,0,0,0
0.614615,-0.00172487,0.00388718,0,0,0,0,0.00013935,-1.61798e-05,0
0.615616,0,0,0,7.08786e-12,5.77347e-12,-5.77347e-12,0,0,0
0.616617,0.000773138,-0.00329976,0,0,0,0,-0.00017626,0.000512862,0
0.617618,0,0,0,-2.26943e-11,-7.52279e-12,7.52279e-12,0,0,0
0.618619,0.00319445,-0.00806991,0,0,0,0,0.000302589,-0.000861287,0
0.61962,0,0,0,-1.14052e-11,-4.08526e-12,4.08526e-12,0,0,0
0.620621,-0.00131084,0.00205933,0,0,0,0,0.000455587,-0.00179897,0
0.621622,0,0,0,2.04286e-11,1.09549e-11,-1.09549e-11,0,0,0
0.622623,-0.00305145,0.00589894,0,0,0,0,-0.000351885,-0.000597681,0
0.623624,0,0,0,4.99854e-12,2.25598e-12,-2.25598e-12,0,0,0
0.624625,0.0023155,-0.00271635,0,0,0,0,-0.000556441,-7.51549e-05,0
0.625626,0,0,0,-1.44278e-11,-1.15907e-11,1.15907e-11,0,0,0
0.626627,0.0025945,-0.000754811,0,0,0,0,0.000118871,-0.000947623,0
0.627628,0,0,0,1.2916e-11,8.6111e-13,-8.6111e-13,0,0,0
0.628629,-0.00219193,0.00828708,0,0,0,0,2.90674e-05,-0.000268514,0
0.62963,0,0,0,2.14111e-11,7.15232e-12,-7.15232e-12,0,0,0
0.630631,0.000601,0.00234265,0,0,0,0,-0.000378503,0.0012127,0
0.631632,0,0,0,-1.13818e-11,-1.06576e-11,1.06576e-11,0,0,0
0.632633,0.00460505,-0.0048775,0,0,0,0,0.00037846,0.000655099,0
0.633634,0,0,0,-7.68082e-12,-8.3821e-12,8.3821e-12,0,0,0
0.634635,-0.000783737,0.00275985,0,0,0,0,0.000981368,-1.17311e-05,0
0.635636,0,0,0,1.7895e-11,1.08802e-11,-1.08802e-11,0,0,0
0.636637,-0.00325175,0.00372748,0,0,0,0,0.000370009,0.00100494,0
0.637638,0,0,0,-4.4118e-12,1.43336e-12,-1.43336e-12,0,0,0
0.638639,0.00195692,-0.00622683,0,0,0,0,0.000337923,0.000855571,0
0.63964,0,0,0,-2.0487e-11,-8.60277e-12,8.60277e-12,0,0,0
0.640641,-0.000500952,-0.00259168,0,0,0,0,0.000890598,-0.000552303,0
0.641642,0,0,0,9.64087e-12,1.14925e-11,-1.14925e-11,0,0,0
0.642643,-0.00596358,0.00468003,0,0,0,0,0.000144448,-0.000154554,0
0.643644,0,0,0,7.30215e-12,1.2139e-11,-1.2139e-11,0,0,0
0.644645,-0.000776363,-0.00314141,0,0,0,0,-0.00066699,0.000445969,0
0.645646,0,0,0,-1.91749e-11,-8.10096e-12,8.10096e-12,0,0,0
0.646647,0.0015047,-0.0043396,0,0,0,0,-0.000221586,-0.000676191,0
0.647648,0,0,0,3.39812e-12,3.60391e-12,-3.60391e-12,0,0,0
0.648649,-0.00430331,0.00524324,0,0,0,0,-0.000496205,-0.000603837,0
0.64965,0,0,0,1.64005e-11,1.27389e-11,-1.27389e-11,0,0,0
0.650651,-0.000601063,0.000530043,0,0,0,0,-0.00133098,0.000578026,0
0.651652,0,0,0,-1.36932e-11,-1.07171e-11,1.07171e-11,0,0,0
0.652653,0.00492335,-0.00508528,0,0,0,0,-0.000677323,-6.44328e-05,0
0.653654,0,0,0,-3.91908e-12,-7.62239e-12,7.62239e-12,0,0,0
0.654655,-0.000813397,0.00374657,0,0,0,0,-0.0001697,-0.000425891,0
0.655656,0,0,0,1.76609e-11,9.4977e-12,-9.4977e-12,0,0,0
0.656657,-0.000149678,0.00199512,0,0,0,0,-0.000720925,0.000722521,0
0.657658,0,0,0,-1.05719e-11,-1.03775e-11,1.03775e-11,0,0,0
0.658659,0.00622638,-0.00606032,0,0,0,0,-4.11816e-05,0.000244117,0
0.65966,0,0,0,-1.09992e-11,-1.27198e-11,1.27198e-11,0,0,0
0.660661,0.000390253,0.00158984,0,0,0,0,0.000811006,-0.00062043,0
0.661662,0,0,0,1.58199e-11,1.04394e-11,-1.04394e-11,0,0,0
0.662663,-0.0018824,0.00272899,0,0,0,0,0.000198341,0.00026279,0
0.663664,0,0,0,-7.24399e-12,-4.58955e-12,4.58955e-12,0,0,0
0.664665,0.00463724,-0.00577813,0,0,0,0,0.000465745,-6.62389e-05,0
0.665666,0,0,0,-1.31581e-11,-1.12459e-11,1.12459e-11,0,0,0
0.666667,-0.000674602,0.00118506,0,0,0,0,0.00116019,-0.00107609,0
0.667668,0,0,0,1.66409e-11,1.40908e-11,-1.40908e-11,0,0,0
0.668669,-0.00426769,0.00433931,0,0,0,0,0.000258676,-0.000178097,0
0.66967,0,0,0,-2.2524e-12,9.7852e-13,-9.7852e-13,0,0,0
0.670671,0.00295539,-0.00415478,0,0,0,0,0.000113803,-0.00015748,0
0.671672,0,0,0,-1.11493e-11,-9.73611e-12,9.73611e-12,0,0,0
0.672673,-0.00135448,0.002128,0,0,0,0,0.00067697,-0.000961595,0
0.673674,0,0,0,1.88431e-11,1.53031e-11,-1.53031e-11,0,0,0
0.674675,-0.00491497,0.00561495,0,0,0,0,-0.00029828,0.000135969,0
0.675676,0,0,0,3.99467e-13,1.44369e-12,-1.44369e-12,0,0,0
0.676677,0.00316206,-0.00334804,0,0,0,0,-0.000451171,0.000396795,0
0.677678,0,0,0,-1.00186e-11,-1.11389e-11,1.11389e-11,0,0,0
0.678679,-0.000830619,0.00231776,0,0,0,0,0.000252563,-0.000276646,0
0.67968,0,0,0,1.8424e-11,1.3975e-11,-1.3975e-11,0,0,0
0.680681,-0.00399667,0.00483111,0,0,0,0,-0.000568433,0.000832384,0
0.681682,0,0,0,-2.43287e-12,-1.69271e-12,1.69271e-12,0,0,0
0.682683,0.00432499,-0.00454401,0,0,0,0,-0.000462023,0.00092028,0
0.683684,0,0,0,-1.13745e-11,-1.23789e-11,1.23789e-11,0,0,0
0.684685,-0.000628687,0.00138082,0,0,0,0,0.000383379,0.000122527,0
0.685686,0,0,0,1.55157e-11,1.37081e-11,-1.37081e-11,0,0,0
0.686687,-0.0031396,0.00249084,0,0,0,0,-0.000382733,0.00102698,0
0.687688,0,0,0,-8.47871e-12,-4.84811e-12,4.84811e-12,0,0,0
0.688689,0.00480312,-0.00630764,0,0,0,0,-7.44934e-05,0.000676463,0
0.68969,0,0,0,-1.15607e-11,-1.0237e-11,1.0237e-11,0,0,0
0.690691,-0.00183189,0.00102559,0,0,0,0,0.000630859,-0.000219086,0
0.691692,0,0,0,1.34361e-11,1.55252e-11,-1.55252e-11,0,0,0
0.692693,-0.00269207,0.000459536,0,0,0,0,-0.000296502,0.000551449,0
0.693694,0,0,0,-1.33264e-11,-7.57907e-12,7.57907e-12,0,0,0
0.694695,0.00445005,-0.00650976,0,0,0,0,0.000119297,-0.000147767,0
0.695696,0,0,0,-6.90389e-12,-5.14334e-12,5.14334e-12,0,0,0
0.696697,-0.00365349,0.0024671,0,0,0,0,0.000456457,-0.000792623,0
0.697698,0,0,0,1.31956e-11,1.63707e-11,-1.63707e-11,0,0,0
0.698699,-0.00148046,-0.000527739,0,0,0,0,-0.000601358,4.22011e-05,0
0.6997,0,0,0,-1.52052e-11,-1.15164e-11,1.15164e-11,0,0,0
0.700701,0.00399504,-0.00462464,0,0,0,0,1.29047e-05,-0.00078264,0
0.701702,0,0,0,1.99838e-12,8.6718e-13,-8.6718e-13,0,0,0
0.702703,-0.00467343,0.00476258,0,0,0,0,-3.88971e-05,-0.000846313,0
0.703704,0,0,0,1.17314e-11,1.28445e-11,-1.28445e-11,0,0,0
0.704705,0.00124135,-0.00138084,0,0,0,0,-0.000909225,2.37585e-05,0
0.705706,0,0,0,-1.48937e-11,-1.60838e-11,1.60838e-11,0,0,0
0.706707,0.00333921,-0.00167624,0,0,0,0,2.11003e-05,-0.000813435,0
0.707708,0,0,0,1.11992e-11,6.94382e-12,-6.94382e-12,0,0,0
0.708709,-0.00432476,0.00578401,0,0,0,0,-0.000366436,-0.000253352,0
0.70971,0,0,0,5.5372e-12,4.47534e-12,-4.47534e-12,0,0,0
0.710711,0.00449011,-0.00291857,0,0,0,0,-0.000697416,0.000313926,0
0.711712,0,0,0,-1.2433e-11,-1.72597e-11,1.72597e-11,0,0,0
0.712713,0.00146026,0.00123959,0,0,0,0,0.000392528,-0.000478497,0
0.713714,0,0,0,1.65373e-11,1.25924e-11,-1.25924e-11,0,0,0
0.714715,-0.00282973,0.00420169,0,0,0,0,-0.000306929,0.000467767,0
0.715716,0,0,0,-4.94867e-12,-6.17308e-12,6.17308e-12,0,0,0
0.716717,0.00617919,-0.00435559,0,0,0,0,4.59586e-05,0.000364543,0
0.717718,0,0,0,-6.13145e-12,-1.08802e-11,1.08802e-11,0,0,0
0.718719,-0.00195572,0.00357431,0,0,0,0,0.000810397,-0.000183713,0
0.71972,0,0,0,1.52753e-11,1.51497e-11,-1.51497e-11,0,0,0
0.720721,-0.000448342,0.000482056,0,0,0,0,-7.64729e-05,0.000763792,0
0.721722,0,0,0,-1.43816e-11,-1.46803e-11,1.46803e-11,0,0,0
0.722723,0.00470045,-0.00383122,0,0,0,0,0.000805906,-3.78749e-05,0
0.723724,0,0,0,4.26365e-12,2.64507e-12,-2.64507e-12,0,0,0
0.724725,-0.00521006,0.00466533,0,0,0,0,0.000739602,-1.60444e-05,0
0.725726,0,0,0,6.71078e-12,1.03939e-11,-1.03939e-11,0,0,0
0.726727,0.00236092,-0.00338663,0,0,0,0,5.75356e-05,0.000508595,0
0.727728,0,0,0,-1.56362e-11,-1.58261e-11,1.58261e-11,0,0,0
0.728729,0.000225987,-0.000508086,0,0,0,0,0.00101793,-0.000524327,0
0.72973,0,0,0,1.39097e-11,1.61009e-11,-1.61009e-11,0,0,0
0.730731,-0.00541637,0.00342997,0,0,0,0,6.54197e-05,0.000181058,0
0.731732,0,0,0,-6.06755e-12,-2.2178e-12,2.2178e-12,0,0,0
0.732733,0.00408602,-0.00485986,0,0,0,0,9.02344e-05,-1.81369e-05,0
0.733734,0,0,0,-5.56858e-12,-6.37049e-12,6.37049e-12,0,0,0
0.734735,-0.00474888,0.00373483,0,0,0,0,0.000504314,-0.000538967,0
0.735736,0,0,0,1.43821e-11,1.86367e-11,-1.86367e-11,0,0,0
0.736737,-0.00134677,-0.000295989,0,0,0,0,-0.000684366,0.000409422,0
0.737738,0,0,0,-1.48105e-11,-1.46132e-11,1.46132e-11,0,0,0
0.738739,0.00263934,-0.00244277,0,0,0,0,0.000127801,-0.000395013,0
0.73974,0,0,0,9.71251e-12,9.4853e-12,-9.4853e-12,0,0,0
0.740741,-0.0062508,0.00504398,0,0,0,0,-0.000396659,4.95895e-05,0
0.741742,0,0,0,2.16283e-12,5.11981e-12,-5.11981e-12,0,0,0
0.742743,0.00406901,-0.00404635,0,0,0,0,-0.000803137,0.000414932,0
0.743744,0,0,0,-1.05824e-11,-1.39435e-11,1.39435e-11,0,0,0
0.744745,-0.00186949,0.00230324,0,0,0,0,8.08392e-05,-0.0003057,0
0.745746,0,0,0,1.61817e-11,1.81088e-11,-1.81088e-11,0,0,0
0.746747,-0.00201726,0.00127002,0,0,0,0,-0.00099317,0.00070817,0
0.747748,0,0,0,-1.30854e-11,-1.41046e-11,1.41046e-11,0,0,0
0.748749,0.00516221,-0.00391514,0,0,0,0,-0.000185222,8.18942e-05,0
0.74975,0,0,0,4.88552e-12,2.66876e-12,-2.66876e-12,0,0,0
0.750751,-0.00505297,0.00453773,0,0,0,0,-0.000228579,0.000206015,0
0.751752,0,0,0,4.42625e-12,7.29997e-12,-7.29997e-12,0,0,0
0.752753,0.00469001,-0.00439407,0,0,0,0,-0.000712286,0.000669507,0
0.753754,0,0,0,-1.41977e-11,-1.81295e-11,1.81295e-11,0,0,0
0.754755,0.000151208,0.000603122,0,0,0,0,0.000446542,-0.000277384,0
0.755756,0,0,0,1.46964e-11,1.6442e-11,-1.6442e-11,0,0,0
0.756757,-0.00173199,0.00102008,0,0,0,0,-0.000487659,0.000560057,0
0.757758,0,0,0,-1.29975e-11,-1.48392e-11,1.48392e-11,0,0,0
0.758759,0.00607816,-0.00450155,0,0,0,0,0.000358668,-0.000107453,0
0.75976,0,0,0,4.91248e-12,1.4701e-12,-1.4701e-12,0,0,0
0.760761,-0.00538474,0.00470925,0,0,0,0,0.000392339,-5.18245e-05,0
0.761762,0,0,0,6.3206e-12,9.75998e-12,-9.75998e-12,0,0,0
0.762763,0.00364132,-0.00421169,0,0,0,0,-0.000248379,0.000479095,0
0.763764,0,0,0,-1.32398e-11,-1.33036e-11,1.33036e-11,0,0,0
0.764765,-0.0021968,0.000323617,0,0,0,0,0.000612383,-0.000429964,0
0.765766,0,0,0,1.08347e-11,2.26882e-11,-2.26882e-11,0,0,0
0.766767,-0.00255991,-0.00176469,0,0,0,0,-0.000731399,0.000211672,0
0.767768,0,0,0,-2.40126e-11,-1.61819e-11,1.61819e-11,0,0,0
0.768769,0.00675494,-0.00731924,0,0,0,0,0.000122673,-0.00110841,0
0.76977,0,0,0,-2.37786e-12,-2.90683e-12,2.90683e-12,0,0,0
0.770771,-0.00208481,0.00344066,0,0,0,0,0.000299517,-0.0015068,0
0.771772,0,0,0,4.18735e-12,-7.51621e-12,7.51621e-12,0,0,0
0.772773,0.00830888,-0.000363476,0,0,0,0,0.000545476,-0.00116756,0
0.773774,0,0,0,1.08348e-11,-1.87083e-11,1.87083e-11,0,0,0
0.774775,-0.00416705,0.0120493,0,0,0,0,0.00168729,-0.000749802,0
0.775776,0,0,0,4.3177e-11,3.09308e-11,-3.09308e-11,0,0,0
0.776777,-0.00633936,0.00691151,0,0,0,0,-0.000102554,0.00194081,0
0.777778,0,0,0,-6.48342e-12,9.85244e-13,-9.85244e-13,0,0,0
0.778779,-0.00230733,-0.00471476,0,0,0,0,-4.53753e-05,0.00180115,0
0.77978,0,0,0,-1.33343e-11,2.27189e-11,-2.27189e-11,0,0,0
0.780781,-0.00581459,-0.00839742,0,0,0,0,-0.00119931,0.000969668,0
0.781782,0,0,0,-4.77495e-11,-1.20543e-11,1.20543e-11,0,0,0
0.782783,0.00973438,-0.0159628,0,0,0,0,-0.000648908,-0.00179825,0
0.783784,0,0,0,-1.93671e-11,-1.5243e-11,1.5243e-11,0,0,0
0.784785,-0.00477071,0.00699245,0,0,0,0,0.000111854,-0.00339374,0
0.785786,0,0,0,3.74356e-11,2.25586e-11,-2.25586e-11,0,0,0
0.786787,-0.000241576,0.0101499,0,0,0,0,-0.00158514,-0.000975399,0
0.787788,0,0,0,2.23799e-11,-1.12094e-11,1.12094e-11,0,0,0
0.788789,0.00177227,0.0094294,0,0,0,0,-0.000982035,0.000727519,0
0.78979,0,0,0,2.06568e-11,1.18942e-12,-1.18942e-12,0,0,0
0.790791,0.00836474,-0.00183707,0,0,0,0,-0.000802513,0.00228811,0
0.791792,0,0,0,-3.64106e-11,-5.26932e-11,5.26932e-11,0,0,0
0.792793,0.0144009,-0.00905233,0,0,0,0,0.00259943,9.55198e-05,0
0.793794,0,0,0,2.8196e-12,1.02428e-12,-1.02428e-12,0,0,0
0.794795,-0.011476,0.00810403,0,0,0,0,0.00283352,-0.000418063,0
0.795796,0,0,0,1.70877e-11,3.31869e-11,-3.31869e-11,0,0,0
0.796797,-0.00455807,0.000360464,0,0,0,0,0.000650089,0.00064465,0
0.797798,0,0,0,-9.30175e-13,9.15391e-12,-9.15391e-12,0,0,0
0.798799,-0.00599873,0.00183895,0,0,0,0,4.62141e-05,0.000577565,0
0.7998,0,0,0,-4.01236e-12,5.05678e-12,-5.05678e-12,0,0,0
0.800801,0.00554409,-0.00658294,0,0,0,0,-0.000331362,0.000484454,0
0.801802,0,0,0,-1.67687e-11,-2.05366e-11,2.05366e-11,0,0,0
0.802803,-0.00658533,0.00484472,0,0,0,0,0.000915831,-0.000734688,0
0.803804,0,0,0,3.79107e-11,5.1475e-11,-5.1475e-11,0,0,0
0.804805,-0.0109725,0.00653913,0,0,0,0,-0.00219498,0.00160907,0
0.805806,0,0,0,-1.29547e-11,-1.40047e-11,1.40047e-11,0,0,0
0.806807,0.0114727,-0.00805413,0,0,0,0,-0.0014907,0.00136854,0
0.807808,0,0,0,-9.44008e-12,-2.10262e-11,2.10262e-11,0,0,0
0.808809,0.000998346,-0.000489948,0,0,0,0,8.52432e-05,0.000619899,0
0.80981,0,0,0,-6.00374e-12,-4.60643e-12,4.60643e-12,0,0,0
0.810811,0.00209602,-0.00397723,0,0,0,0,0.000433088,0.000241758,0
0.811812,0,0,0,4.6536e-12,1.31713e-11,-1.31713e-11,0,0,0
0.812813,-0.00747808,0.00289385,0,0,0,0,-0.000260795,0.000339375,0
0.813814,0,0,0,-7.29696e-12,-2.30391e-12,2.30391e-12,0,0,0
0.814815,0.0137873,-0.0119955,0,0,0,0,-0.000238359,0.000135528,0
0.815816,0,0,0,-2.9979e-11,-4.18932e-11,4.18932e-11,0,0,0
0.816817,-0.00305859,0.00115481,0,0,0,0,0.00239301,-0.00210362,0
0.817818,0,0,0,2.79316e-11,4.75911e-11,-4.75911e-11,0,0,0
0.818819,-0.00903135,0.0027391,0,0,0,0,-0.000544813,-0.000610683,0
0.81982,0,0,0,-1.55925e-11,-1.44714e-11,1.44714e-11,0,0,0
0.820821,0.00729148,-0.00406447,0,0,0,0,-1.80754e-05,-0.0013101,0
0.821822,0,0,0,5.64525e-12,-5.11092e-12,5.11092e-12,0,0,0
0.822823,-0.00185968,0.00322911,0,0,0,0,0.000321755,-0.001181,0
0.823824,0,0,0,-1.94717e-13,-1.37421e-12,1.37421e-12,0,0,0
0.824825,-0.00252219,0.00241545,0,0,0,0,0.000244304,-0.0011427,0
0.825826,0,0,0,2.31558e-11,2.74345e-11,-2.74345e-11,0,0,0
0.826827,-0.00610024,0.00707908,0,0,0,0,-0.0014648,0.000267222,0
0.827828,0,0,0,-9.20841e-12,-2.55828e-11,2.55828e-11,0,0,0
0.828829,0.0147162,-0.00615058,0,0,0,0,-0.00010647,0.000106242,0
0.82983,0,0,0,3.5661e-12,-8.88371e-12,8.88371e-12,0,0,0
0.830831,-0.01382,0.0112939,0,0,0,0,0.000711796,-5.84871e-05,0
0.831832,0,0,0,2.33153e-11,3.85296e-11,-3.85296e-11,0,0,0
0.832833,0.00549667,-0.00368925,0,0,0,0,-0.00175137,0.00171899,0
0.833834,0,0,0,-2.47671e-11,-4.64828e-11,4.64828e-11,0,0,0
0.834835,0.00491946,0.000119019,0,0,0,0,0.0010981,0.000224456,0
0.835836,0,0,0,1.65116e-11,2.05908e-11,-2.05908e-11,0,0,0
0.836837,-0.00550751,0.000946662,0,0,0,0,7.2976e-05,0.00104937,0
0.837838,0,0,0,-1.12754e-11,-1.1921e-12,1.1921e-12,0,0,0
0.838839,-0.000126991,-0.00121016,0,0,0,0,3.29035e-05,0.00046935,0
0.83984,0,0,0,4.77435e-12,3.49878e-12,-3.49878e-12,0,0,0
0.840841,0.00404619,-0.00341258,0,0,0,0,-0.000156187,0.000745849,0
0.841842,0,0,0,-2.22491e-11,-2.38289e-11,2.38289e-11,0,0,0
0.842843,-0.00313156,-0.00138562,0,0,0,0,0.00127258,-0.000668393,0
0.843844,0,0,0,2.1716e-11,4.61872e-11,-4.61872e-11,0,0,0
0.844845,-0.0076264,0.00220246,0,0,0,0,-0.00151913,0.000560543,0
0.845846,0,0,0,-2.83079e-11,-3.73225e-11,3.73225e-11,0,0,0
0.846847,0.0140657,-0.00943841,0,0,0,0,0.000412555,-0.000756914,0
0.847848,0,0,0,9.04196e-12,1.52105e-11,-1.52105e-11,0,0,0
0.848849,-0.0181821,0.00901761,0,0,0,0,-0.000238733,-0.000603416,0
0.84985,0,0,0,7.46349e-13,2.12019e-11,-2.12019e-11,0,0,0
0.850851,0.0119579,-0.00888289,0,0,0,0,-0.00189798,4.99324e-05,0
0.851852,0,0,0,-1.52446e-11,-3.40768e-11,3.40768e-11,0,0,0
0.852853,-0.00426662,0.0051204,0,0,0,0,0.00028718,-0.00096374,0
0.853854,0,0,0,1.35036e-11,3.18793e-11,-3.18793e-11,0,0,0
0.854855,-0.000326208,-0.0026829,0,0,0,0,-0.00159868,0.000159021,0
0.855856,0,0,0,-1.10194e-11,-1.20157e-11,1.20157e-11,0,0,0
0.856857,0.00163603,0.0026576,0,0,0,0,-0.000863549,-0.000282582,0
0.857858,0,0,0,5.28132e-12,-9.09565e-13,9.09565e-13,0,0,0
0.858859,0.0059122,-0.00362161,0,0,0,0,-0.000606415,0.000316242,0
0.85986,0,0,0,-7.60214e-12,5.12373e-13,-5.12373e-13,0,0,0
0.860861,-0.00780685,0.00570483,0,0,0,0,-0.000314269,-0.000114352,0
0.861862,0,0,0,1.46835e-11,1.88126e-11,-1.88126e-11,0,0,0
0.862863,0.012891,-0.00584594,0,0,0,0,-0.00127395,0.00115979,0
0.863864,0,0,0,-2.49866e-11,-4.09868e-11,4.09868e-11,0,0,0
0.864865,-0.00530089,0.00400253,0,0,0,0,0.001708,-0.000466843,0
0.865866,0,0,0,3.47811e-11,6.26913e-11,-6.26913e-11,0,0,0
0.866867,0.0008315,-0.000908791,0,0,0,0,-0.00160466,0.00165487,0
0.867868,0,0,0,-3.43887e-11,-6.04099e-11,6.04099e-11,0,0,0
0.868869,0.0102926,-0.0034164,0,0,0,0,0.00232138,-0.000368846,0
0.86987,0,0,0,3.58176e-11,5.35464e-11,-5.35464e-11,0,0,0
0.870871,-0.0139458,0.00590479,0,0,0,0,-5.60839e-05,0.00117901,0
0.871872,0,0,0,-1.94662e-11,-2.35886e-11,2.35886e-11,0,0,0
0.872873,0.0162019,-0.00764085,0,0,0,0,0.00143427,7.06119e-05,0
0.873874,0,0,0,2.19076e-11,9.11263e-12,-9.11263e-12,0,0,0
0.874875,-0.0132224,0.00738932,0,0,0,0,0.0016819,0.000411727,0
0.875876,0,0,0,-5.87527e-13,1.10061e-11,-1.10061e-11,0,0,0
0.876877,0.00770757,-0.00588185,0,0,0,0,0.00109334,6.41721e-05,0
0.877878,0,0,0,1.65184e-11,-6.85928e-12,6.85928e-12,0,0,0
0.878879,-0.00483186,0.00565768,0,0,0,0,0.00184295,-1.09632e-06,0
0.87988,0,0,0,3.17494e-12,-6.0019e-13,6.0019e-13,0,0,0
0.880881,0.00115942,-0.00376001,0,0,0,0,0.00183862,-0.00052154,0
0.881882,0,0,0,2.35463e-11,1.26115e-11,-1.26115e-11,0,0,0
0.882883,-0.00491614,0.0064822,0,0,0,0,0.000940458,-0.000258993,0
0.883884,0,0,0,-2.5204e-12,-3.20377e-11,3.20377e-11,0,0,0
0.884885,0.0069887,-0.00565246,0,0,0,0,0.00229928,-0.00112873,0
0.885886,0,0,0,2.67415e-11,2.35262e-11,-2.35262e-11,0,0,0
0.886887,-0.0149155,0.0107315,0,0,0,0,0.000417597,-0.000812477,0
0.887888,0,0,0,-3.05813e-12,-3.75269e-11,3.75269e-11,0,0,0
0.888889,0.0185711,-0.00994201,0,0,0,0,0.00134211,-0.0012927,0
0.88989,0,0,0,1.3897e-11,-1.7786e-12,1.7786e-12,0,0,0
0.890891,-0.0237883,0.0145994,0,0,0,0,0.000686042,-0.00163947,0
0.891892,0,0,0,5.16171e-12,-7.81002e-12,7.81002e-12,0,0,0
0.892893,0.0240627,-0.0126566,0,0,0,0,-0.00072985,-0.000990249,0
0.893894,0,0,0,-1.11912e-11,-4.73874e-11,4.73874e-11,0,0,0
0.894895,-0.0231035,0.0148579,0,0,0,0,0.00103538,-0.00225747,0
0.895896,0,0,0,1.45106e-11,3.19435e-11,-3.19435e-11,0,0,0
0.896897,0.0194333,-0.0120989,0,0,0,0,-0.00278718,-0.000392985,0
0.897898,0,0,0,-3.59754e-11,-7.97156e-11,7.97156e-11,0,0,0
0.898899,-0.0142961,0.0117221,0,0,0,0,0.000763831,-0.00219202,0
0.8999,0,0,0,1.75991e-11,5.57068e-11,-5.57068e-11,0,0,0
0.900901,0.00960321,-0.00957153,0,0,0,0,-0.00392396,0.000409751,0
0.901902,0,0,0,-5.06756e-11,-8.05809e-11,8.05809e-11,0,0,0
0.902903,-0.00461369,0.00771691,0,0,0,0,-4.98487e-05,-0.00134893,0
0.903904,0,0,0,1.45983e-11,5.73312e-11,-5.73312e-11,0,0,0
0.904905,0.00184891,-0.00732992,0,0,0,0,-0.00388034,0.00138586,0
0.905906,0,0,0,-5.30439e-11,-5.64864e-11,5.64864e-11,0,0,0
0.906907,-5.12514e-05,0.00522819,0,0,0,0,-0.000697625,-8.49676e-05,0
0.907908,0,0,0,1.15257e-11,4.70378e-11,-4.70378e-11,0,0,0
0.908909,0.000167938,-0.00669868,0,0,0,0,-0.00289355,0.00236767,0
0.90991,0,0,0,-4.67125e-11,-2.74843e-11,2.74843e-11,0,0,0
0.910911,-0.00197219,0.00512691,0,0,0,0,-0.000496461,0.00095622,0
0.911912,0,0,0,1.41808e-11,3.78547e-11,-3.78547e-11,0,0,0
0.912913,0.00416106,-0.00765881,0,0,0,0,-0.0014603,0.00298444,0
0.913914,0,0,0,-3.78578e-11,-1.20639e-11,1.20639e-11,0,0,0
0.914915,-0.00802861,0.00685487,0,0,0,0,0.000664131,0.00114381,0
0.915916,0,0,0,2.36805e-11,3.67969e-11,-3.67969e-11,0,0,0
0.916917,0.0109415,-0.00945558,0,0,0,0,-0.000223239,0.00286132,0
0.917918,0,0,0,-3.27611e-11,-1.84351e-11,1.84351e-11,0,0,0
0.918919,-0.0147786,0.00922058,0,0,0,0,0.00222493,0.000209515,0
0.91992,0,0,0,3.62763e-11,4.46438e-11,-4.46438e-11,0,0,0
0.920921,0.0174245,-0.0113143,0,0,0,0,0.000151558,0.00196876,0
0.921922,0,0,0,-3.60005e-11,-4.35419e-11,4.35419e-11,0,0,0
0.922923,-0.0197043,0.0111635,0,0,0,0,0.00333904,-0.00150727,0
0.923924,0,0,0,4.67283e-11,5.99917e-11,-5.99917e-11,0,0,0
0.924925,0.0216038,-0.0127659,0,0,0,0,-0.000731939,0.000822245,0
0.925926,0,0,0,-4.8629e-11,-7.71536e-11,7.71536e-11,0,0,0
0.926927,-0.0218655,0.0121656,0,0,0,0,0.00350139,-0.00314204,0
0.927928,0,0,0,5.25133e-11,8.2001e-11,-8.2001e-11,0,0,0
0.928929,0.0227928,-0.0136089,0,0,0,0,-0.00263875,0.000255104,0
0.92993,0,0,0,-6.71338e-11,-1.08163e-10,1.08163e-10,0,0,0
0.930931,-0.0215234,0.0122894,0,0,0,0,0.00299409,-0.00382429,0
0.931932,0,0,0,5.56891e-11,1.09599e-10,-1.09599e-10,0,0,0
0.932933,0.0213348,-0.0137775,0,0,0,0,-0.00465019,0.000784099,0
0.933934,0,0,0,-8.48994e-11,-1.30374e-10,1.30374e-10,0,0,0
0.934935,-0.0194149,0.0119362,0,0,0,0,0.00271346,-0.00338273,0
0.935936,0,0,0,6.06585e-11,1.39152e-10,-1.39152e-10,0,0,0
0.936937,0.0181607,-0.0133217,0,0,0,0,-0.00572565,0.00203675,0
0.937938,0,0,0,-9.65141e-11,-1.44739e-10,1.44739e-10,0,0,0
0.938939,-0.0162268,0.011485,0,0,0,0,0.00333379,-0.00261656,0
0.93994,0,0,0,6.93263e-11,1.64585e-10,-1.64585e-10,0,0,0
0.940941,0.0143162,-0.0124808,0,0,0,0,-0.00563576,0.00291559,0
0.941942,0,0,0,-1.02044e-10,-1.56125e-10,1.56125e-10,0,0,0
0.942943,-0.0124852,0.0110445,0,0,0,0,0.0044611,-0.00261566,0
0.943944,0,0,0,7.8333e-11,1.8166e-10,-1.8166e-10,0,0,0
0.944945,0.0105231,-0.0116522,0,0,0,0,-0.00536563,0.00268639,0
0.945946,0,0,0,-1.06567e-10,-1.66649e-10,1.66649e-10,0,0,0
0.946947,-0.00870212,0.0105146,0,0,0,0,0.00481948,-0.00347095,0
0.947948,0,0,0,8.2514e-11,1.92768e-10,-1.92768e-10,0,0,0
0.948949,0.00696712,-0.0111309,0,0,0,0,-0.00616221,0.0020732,0
0.94995,0,0,0,-1.13521e-10,-1.72216e-10,1.72216e-10,0,0,0
0.950951,-0.00540299,0.00990766,0,0,0,0,0.00377791,-0.0037761,0
0.951952,0,0,0,8.25149e-11,2.05382e-10,-2.05382e-10,0,0,0
0.952953,0.00351487,-0.0108059,0,0,0,0,-0.00775512,0.00279876,0
0.953954,0,0,0,-1.18136e-10,-1.67964e-10,1.67964e-10,0,0,0
0.954955,-0.00282778,0.0095424,0,0,0,0,0.00275485,-0.0021432,0
0.955956,0,0,0,8.71837e-11,2.22428e-10,-2.22428e-10,0,0,0
0.956957,0.000227704,-0.0102388,0,0,0,0,-0.00794874,0.00526539,0
0.957958,0,0,0,-1.11049e-10,-1.58531e-10,1.58531e-10,0,0,0
0.958959,-0.000619697,0.00973312,0,0,0,0,0.00413515,0.000344445,0
0.95996,0,0,0,1.03513e-10,2.34744e-10,-2.34744e-10,0,0,0
0.960961,-0.00242315,-0.00924311,0,0,0,0,-0.00522887,0.00693041,0
0.961962,0,0,0,-9.2522e-11,-1.58613e-10,1.58613e-10,0,0,0
0.962963,0.00188991,0.0102052,0,0,0,0,0.00773068,0.000297624,0
0.963964,0,0,0,1.22974e-10,2.29769e-10,-2.29769e-10,0,0,0
0.964965,-0.00409578,-0.00833293,0,0,0,0,-0.00201197,0.0048023,0
0.965966,0,0,0,-7.94698e-11,-1.75849e-10,1.75849e-10,0,0,0
0.966967,0.00479348,0.0101217,0,0,0,0,0.00938338,-0.00347122,0
0.967968,0,0,0,1.2633e-10,2.12168e-10,-2.12168e-10,0,0,0
0.968969,-0.00529838,-0.0081953,0,0,0,0,-0.00290143,0.000575559,0
0.96997,0,0,0,-8.72552e-11,-1.94899e-10,1.94899e-10,0,0,0
0.970971,0.00723143,0.00911268,0,0,0,0,0.00611383,-0.00642217,0
0.971972,0,0,0,1.10852e-10,2.06122e-10,-2.06122e-10,0,0,0
0.972973,-0.00698909,-0.00857857,0,0,0,0,-0.00749181,0.000243699,0
0.973974,0,0,0,-1.03631e-10,-1.93825e-10,1.93825e-10,0,0,0
0.974975,0.00847077,0.00803038,0,0,0,0,0.00237826,-0.0037416,0
0.975976,0,0,0,1.01838e-10,2.22602e-10,-2.22602e-10,0,0,0
0.976977,-0.00910637,-0.00840452,0,0,0,0,-0.00870371,0.00474713,0
0.977978,0,0,0,-1.01542e-10,-1.80659e-10,1.80659e-10,0,0,0
0.978979,0.00910626,0.00783613,0,0,0,0,0.0046452,0.000310046,0
0.97998,0,0,0,1.15462e-10,2.36992e-10,-2.36992e-10,0,0,0
0.980981,-0.0103909,-0.00751473,0,0,0,0,-0.00447298,0.00609734,0
0.981982,0,0,0,-8.58675e-11,-1.84999e-10,1.84999e-10,0,0,0
0.982983,0.0100252,0.00801189,0,0,0,0,0.00859903,-0.00180764,0
0.983984,0,0,0,1.27347e-10,2.3047e-10,-2.3047e-10,0,0,0
0.984985,-0.0104517,-0.00707243,0,0,0,0,-0.00359497,0.00212636,0
0.985986,0,0,0,-8.62681e-11,-2.018e-10,2.018e-10,0,0,0
0.986987,0.0106479,0.00768553,0,0,0,0,0.00652267,-0.00477875,0
0.987988,0,0,0,1.21382e-10,2.26698e-10,-2.26698e-10,0,0,0
0.988989,-0.0102944,-0.00731498,0,0,0,0,-0.0067311,0.00215518,0
0.98999,0,0,0,-9.42139e-11,-2.04331e-10,2.04331e-10,0,0,0
0.990991,0.0103826,0.00741022,0,0,0,0,0.00545712,-0.00298098,0
0.991992,0,0,0,1.1994e-10,2.32659e-10,-2.32659e-10,0,0,0
0.992993,-0.0101038,-0.00749102,0,0,0,0,-0.0062071,0.00290732,0
0.993994,0,0,0,-9.5209e-11,-2.04041e-10,2.04041e-10,0,0,0
0.994995,0.00988522,0.00742466,0,0,0,0,0.00471869,-0.0033751,0
0.995996,0,0,0,1.19197e-10,2.37747e-10,-2.37747e-10,0,0,0
0.996997,-0.00995524,-0.00751705,0,0,0,0,-0.00738268,0.00572713,0
0.997998,0,0,0,-8.93559e-11,-1.97754e-10,1.97754e-10,0,0,0
0.998999,0.00965938,0.00778267,0,0,0,0,0.0136915,-0.00302037,0
1,0,0,0,1.26025e-10,2.21844e-10,-2.21844e-10,0,0,0
